SimulationTime,Episode,Step,TotalVehicles,VehiclesWaiting,QueueLength,CumulativeReward,CurrentReward,CurrentPhase,GreenLightTime,FuelConsumed,AverageWaitTime
10.03245,0,0,2,2,2,0,0,1,0,0,0
20.26223,2,9,3,3,3,0,74.98497,2,30,0,0
31.4604,2,9,5,4,4,0,74.98497,2,30,0,0
41.78237,2,9,6,5,5,0,74.98497,2,30,0,0
54.50694,3,7,8,7,7,0,64.1651,0,40,0,0
64.50694,3,8,9,1,1,0,64.1651,0,40,0,0
74.50694,3,8,10,1,1,0,64.1651,0,40,0,0
84.50694,3,8,12,2,2,0,64.1651,0,40,0,0
94.50694,4,5,13,1,1,0,74.99999,1,20,0,0
104.5069,4,6,15,3,3,0,74.99999,1,20,0,0
114.5069,5,5,16,4,4,0,75,2,30,0,0
124.5069,5,5,17,4,4,0,75,2,30,0,0
137.2611,5,5,18,5,5,0,75,2,30,0,0
150.0429,6,5,20,6,6,0,46.58009,0,38,0,0
160.0429,6,5,21,1,1,0,46.58009,0,38,0,0
171.2522,6,5,23,1,1,0,46.58009,0,38,0,0
184.4148,6,9,24,0,0,0,46.58009,0,38,0,0
194.4148,7,12,26,2,2,0,60.9183,1,20,0,0
204.4148,7,15,27,3,3,0,60.9183,1,20,0,0
214.4148,8,11,28,4,4,0,75,2,30,0,0
224.4148,8,11,29,5,5,0,75,2,30,0,0
237.0489,8,17,30,6,6,0,75,2,30,0,0
247.0489,9,9,31,2,2,0,45.96422,0,40,0,0
260.3078,9,9,33,1,1,0,45.96422,0,40,0,0
273.069,9,10,35,2,2,0,45.96422,0,40,0,0
283.069,10,7,36,1,1,0,70.27939,1,20,0,0
293.069,10,8,38,3,3,0,70.27939,1,20,0,0
303.069,11,5,39,4,4,0,50,2,30,0,0
313.069,11,7,40,4,4,0,50,2,30,0,0
326.0987,11,8,41,5,5,0,50,2,30,0,0
336.0987,12,4,42,6,6,0,60.55157,0,40,0,0
346.0987,12,6,44,2,2,0,60.55157,0,40,0,0
356.0987,12,6,45,1,1,0,60.55157,0,40,0,0
368.9624,12,8,46,1,1,0,60.55157,0,40,0,0
378.9624,13,5,47,1,1,0,58.32436,1,20,0,0
388.9624,13,7,49,3,3,0,58.32436,1,20,0,0
398.9624,14,4,50,4,4,0,50,2,29,0,0
408.9624,14,4,51,5,5,0,50,2,29,0,0
422.194,14,6,53,7,7,0,50,2,29,0,0
432.194,15,6,55,6,6,0,83.61684,0,40,0,0
442.194,15,7,56,1,1,0,83.61684,0,40,0,0
452.194,15,7,57,1,1,0,83.61684,0,40,0,0
462.194,15,9,58,1,1,0,83.61684,0,40,0,0
472.194,16,6,59,1,1,0,50,1,16,0,0
482.194,16,8,61,3,3,0,50,1,16,0,0
492.194,17,12,62,1,1,0,90.00005,2,30,0,0
502.194,17,14,63,1,1,0,90.00005,2,30,0,0
512.194,17,16,65,2,2,0,90.00005,2,30,0,0
522.194,18,11,66,1,1,0,66.6666,0,35,0,0
532.194,18,12,67,1,1,0,66.6666,0,35,0,0
545.5099,18,13,69,1,1,0,66.6666,0,35,0,0
555.5099,19,2,70,1,1,0,54.57131,1,20,0,0
565.5099,19,14,71,2,2,0,54.57131,1,20,0,0
575.5099,20,2,72,2,2,0,75,2,26,0,0
585.5099,20,12,74,4,4,0,75,2,26,0,0
595.5099,20,15,75,5,5,0,75,2,26,0,0
605.5099,21,3,76,1,1,0,56.25009,0,39,0,0
615.5099,21,13,77,1,1,0,56.25009,0,39,0,0
625.5099,21,15,78,1,1,0,56.25009,0,39,0,0
635.5099,21,16,79,1,1,0,56.25009,0,39,0,0
645.5099,22,4,80,2,2,0,50,1,20,0,0
655.5099,22,14,82,4,4,0,50,1,20,0,0
665.5099,23,4,83,5,5,0,75,2,30,0,0
675.5099,23,14,84,6,6,0,75,2,30,0,0
685.5099,23,16,85,7,7,0,75,2,30,0,0
695.5099,24,3,86,2,2,0,50,0,40,0,0
705.5099,24,13,87,1,1,0,50,0,40,0,0
715.5099,24,15,89,2,2,0,50,0,40,0,0
725.5099,24,16,90,1,1,0,50,0,40,0,0
735.5099,25,3,91,2,2,0,62.5,1,20,0,0
745.5099,25,15,92,3,3,0,62.5,1,20,0,0
755.5099,26,2,93,3,3,0,50,2,30,0,0
765.51,26,13,94,4,4,0,50,2,30,0,0
775.51,26,16,96,6,6,0,50,2,30,0,0
785.51,27,2,97,1,1,0,66.66653,0,40,0,0
795.51,27,14,98,1,1,0,66.66653,0,40,0,0
805.51,27,14,99,1,1,0,66.66653,0,40,0,0
815.51,27,16,100,1,1,0,66.66653,0,40,0,0
825.51,28,3,101,2,2,0,50,1,20,0,0
835.51,28,16,102,3,3,0,50,1,20,0,0
845.51,29,2,103,4,4,0,50,2,30,0,0
855.51,29,14,105,6,6,0,50,2,30,0,0
865.51,29,16,106,7,7,0,50,2,30,0,0
875.51,30,1,108,3,3,0,66.66666,0,40,0,0
885.51,30,12,109,1,1,0,66.66666,0,40,0,0
895.51,30,13,110,1,1,0,66.66666,0,40,0,0
905.51,30,15,111,1,1,0,66.66666,0,40,0,0
915.51,31,3,112,2,2,0,62.5,1,20,0,0
925.51,31,13,113,3,3,0,62.5,1,20,0,0
935.51,32,3,115,5,5,0,50,2,30,0,0
945.51,32,14,116,6,6,0,50,2,30,0,0
955.51,32,16,117,7,7,0,50,2,30,0,0
965.51,33,3,119,2,2,0,66.66666,0,40,0,0
975.51,33,14,120,1,1,0,66.66666,0,40,0,0
985.51,33,16,121,1,1,0,66.66666,0,40,0,0
995.51,33,16,122,1,1,0,66.66666,0,40,0,0
1005.51,34,4,124,2,2,0,62.5,1,20,0,0
1015.51,34,14,125,3,3,0,62.5,1,20,0,0
1025.51,35,3,127,5,5,0,75,2,30,0,0
1035.51,35,14,128,6,6,0,75,2,30,0,0
1045.51,35,16,129,7,7,0,75,2,30,0,0
1055.51,36,2,130,1,1,0,66.66666,0,39,0,0
1065.51,36,13,131,1,1,0,66.66666,0,39,0,0
1075.51,36,16,132,1,1,0,66.66666,0,39,0,0
1085.51,36,16,133,1,1,0,66.66666,0,39,0,0
1095.51,37,3,134,1,1,0,50,1,20,0,0
1105.51,37,14,136,3,3,0,50,1,20,0,0
1115.51,38,4,137,4,4,0,75,2,30,0,0
1125.51,38,13,138,5,5,0,75,2,30,0,0
1135.51,38,16,139,6,6,0,75,2,30,0,0
1145.51,39,4,140,1,1,0,50,0,40,0,0
1155.51,39,14,141,1,1,0,50,0,40,0,0
1165.51,39,15,142,1,1,0,50,0,40,0,0
1175.51,39,16,144,2,2,0,50,0,40,0,0
1185.51,40,3,145,2,2,0,62.5,1,18,0,0
1195.51,40,14,146,3,3,0,62.5,1,18,0,0
1205.51,41,5,147,3,3,0,50,2,30,0,0
1215.51,41,15,149,5,5,0,50,2,30,0,0
1225.51,41,17,150,6,6,0,50,2,30,0,0
1235.51,42,4,151,1,1,0,66.66666,0,40,0,0
1245.51,42,14,152,1,1,0,66.66666,0,40,0,0
1255.51,42,15,153,1,1,0,66.66666,0,40,0,0
1265.51,42,16,154,1,1,0,66.66666,0,40,0,0
1275.51,43,5,155,2,2,0,50,1,20,0,0
1285.51,43,15,157,4,4,0,50,1,20,0,0
1295.51,44,7,158,5,5,0,75,2,30,0,0
1305.51,44,15,159,6,6,0,75,2,30,0,0
1315.51,44,17,160,7,7,0,75,2,30,0,0
1325.51,45,7,161,1,1,0,50,0,40,0,0
1335.51,45,14,162,1,1,0,50,0,40,0,0
1345.51,45,15,163,1,1,0,50,0,40,0,0
1355.51,45,16,164,1,1,0,50,0,40,0,0
1365.51,46,4,166,2,2,0,50,1,20,0,0
1375.51,46,13,167,3,3,0,50,1,20,0,0
1385.51,47,5,168,1,1,0,75,2,30,0,0
1395.51,47,14,169,2,2,0,75,2,30,0,0
1405.51,47,15,170,3,3,0,75,2,30,0,0
1415.51,48,5,171,1,1,0,50,0,40,0,0
1425.51,48,12,172,1,1,0,50,0,40,0,0
1435.51,48,15,173,1,1,0,50,0,40,0,0
1445.51,48,15,174,1,1,0,50,0,40,0,0
1455.51,49,6,175,2,2,0,50,1,20,0,0
1465.51,49,13,176,3,3,0,50,1,20,0,0
1475.51,50,6,177,4,4,0,50,2,30,0,0
1485.51,50,15,178,5,5,0,50,2,30,0,0
1495.51,50,17,179,6,6,0,50,2,30,0,0
1505.51,51,5,180,1,1,0,50,0,40,0,0
1515.51,51,12,181,1,1,0,50,0,40,0,0
1525.51,51,15,182,1,1,0,50,0,40,0,0
1535.51,51,16,183,1,1,0,50,0,40,0,0
1545.51,52,7,184,2,2,0,50,1,20,0,0
1555.51,52,13,185,3,3,0,50,1,20,0,0
1565.51,53,8,186,4,4,0,50,2,30,0,0
1575.51,53,14,187,5,5,0,50,2,30,0,0
1585.51,53,18,189,7,7,0,50,2,30,0,0
1595.51,54,5,190,1,1,0,66.66666,0,40,0,0
1605.51,54,11,191,1,1,0,66.66666,0,40,0,0
1615.51,54,14,192,1,1,0,66.66666,0,40,0,0
1625.51,54,16,193,1,1,0,66.66666,0,40,0,0
1635.51,55,6,194,2,2,0,50,1,28,0,0
1645.51,55,13,195,3,3,0,50,1,28,0,0
1655.51,55,21,196,4,4,0,50,1,28,0,0
1665.51,56,6,198,4,4,0,50,2,30,0,0
1675.51,56,10,199,5,5,0,50,2,30,0,0
1685.51,56,16,200,6,6,0,50,2,30,0,0
1695.51,57,6,201,1,1,0,66.66666,0,40,0,0
1705.51,57,8,202,1,1,0,66.66666,0,40,0,0
1715.51,57,11,203,1,1,0,66.66666,0,40,0,0
1725.51,57,16,204,1,1,0,66.66666,0,40,0,0
1735.51,58,7,205,2,2,0,50,1,20,0,0
1745.51,58,15,207,4,4,0,50,1,20,0,0
1755.51,59,6,208,3,3,0,75,2,30,0,0
1765.51,59,12,209,4,4,0,75,2,30,0,0
1775.51,59,17,211,6,6,0,75,2,30,0,0
1785.51,60,5,212,1,1,0,66.66666,0,40,0,0
1795.51,60,8,213,1,1,0,66.66666,0,40,0,0
1805.51,60,12,214,1,1,0,66.66666,0,40,0,0
1815.51,60,16,215,1,1,0,66.66666,0,40,0,0
1825.51,61,7,216,2,2,0,50,1,20,0,0
1835.51,61,15,218,4,4,0,50,1,20,0,0
1845.51,62,6,219,5,5,0,75,2,30,0,0
1855.51,62,12,220,6,6,0,75,2,30,0,0
1865.51,62,16,221,7,7,0,75,2,30,0,0
1875.51,63,5,223,4,4,0,50,0,40,0,0
1885.51,63,8,224,1,1,0,50,0,40,0,0
1895.51,63,12,225,1,1,0,50,0,40,0,0
1905.51,63,16,226,1,1,0,50,0,40,0,0
1915.51,64,8,227,2,2,0,62.5,1,20,0,0
1925.51,64,15,228,3,3,0,62.5,1,20,0,0
1935.51,65,5,229,3,3,0,50,2,31,0,0
1945.51,65,11,230,4,4,0,50,2,31,0,0
1955.51,65,16,232,6,6,0,50,2,31,0,0
1965.51,66,4,233,3,3,0,59.99993,0,40,0,0
1975.51,66,8,234,1,1,0,59.99993,0,40,0,0
1985.51,66,11,235,1,1,0,59.99993,0,40,0,0
1995.51,66,16,236,1,1,0,59.99993,0,40,0,0
2005.51,67,6,237,1,1,0,62.5,1,12,0,0
2015.51,68,3,238,2,2,0,37.49989,2,32,0,0
2025.51,68,9,240,4,4,0,37.49989,2,32,0,0
2035.51,68,15,241,5,5,0,37.49989,2,32,0,0
2045.51,68,19,242,6,6,0,37.49989,2,32,0,0
2055.51,69,5,243,1,1,0,60.00014,0,40,0,0
2065.51,69,9,244,1,1,0,60.00014,0,40,0,0
2075.51,69,13,246,2,2,0,60.00014,0,40,0,0
2085.51,69,18,247,1,1,0,60.00014,0,40,0,0
2095.51,70,7,248,2,2,0,62.5,1,20,0,0
2105.51,70,14,249,3,3,0,62.5,1,20,0,0
2115.51,71,6,250,1,1,0,50,2,30,0,0
2125.51,71,12,251,1,1,0,50,2,30,0,0
2135.51,71,17,252,2,2,0,50,2,30,0,0
2145.51,72,4,253,1,1,0,50,0,40,0,0
2155.51,72,8,255,2,2,0,50,0,40,0,0
2165.51,72,12,256,1,1,0,50,0,40,0,0
2175.51,72,17,257,1,1,0,50,0,40,0,0
2185.51,73,7,259,3,3,0,62.5,1,19,0,0
2195.51,73,13,260,4,4,0,62.5,1,19,0,0
2205.51,74,6,261,4,4,0,75,2,30,0,0
2215.51,74,12,262,5,5,0,75,2,30,0,0
2225.51,74,17,263,6,6,0,75,2,30,0,0
2235.51,75,4,265,2,2,0,50,0,40,0,0
2245.51,75,9,266,1,1,0,50,0,40,0,0
2255.51,75,12,267,1,1,0,50,0,40,0,0
2265.51,75,17,268,1,1,0,50,0,40,0,0
2275.51,76,6,270,2,2,0,62.5,1,20,0,0
2285.51,76,12,271,3,3,0,62.5,1,20,0,0
2295.51,77,7,272,4,4,0,75,2,30,0,0
2305.51,77,12,274,6,6,0,75,2,30,0,0
2315.51,77,16,275,7,7,0,75,2,30,0,0
2325.51,78,4,276,1,1,0,66.66666,0,40,0,0
2335.51,78,9,277,1,1,0,66.66666,0,40,0,0
2345.51,78,12,279,2,2,0,66.66666,0,40,0,0
2355.51,78,18,280,1,1,0,66.66666,0,40,0,0
2365.51,79,6,281,2,2,0,62.5,1,20,0,0
2375.51,79,12,282,3,3,0,62.5,1,20,0,0
2385.51,80,6,283,4,4,0,50,2,27,0,0
2395.51,80,11,284,5,5,0,50,2,27,0,0
2405.51,80,16,285,6,6,0,50,2,27,0,0
2415.51,81,6,287,2,2,0,50,0,40,0,0
2425.51,81,8,288,1,1,0,50,0,40,0,0
2435.51,81,13,289,1,1,0,50,0,40,0,0
2445.51,81,17,291,2,2,0,50,0,40,0,0
2455.51,82,8,292,2,2,0,75,1,20,0,0
2465.51,82,13,293,3,3,0,75,1,20,0,0
2475.51,83,7,294,4,4,0,50,2,30,0,0
2485.51,83,11,295,5,5,0,50,2,30,0,0
2495.51,83,18,296,6,6,0,50,2,30,0,0
2505.51,84,4,297,1,1,0,50,0,40,0,0
2515.51,84,7,298,1,1,0,50,0,40,0,0
2525.51,84,12,299,1,1,0,50,0,40,0,0
2535.51,84,18,300,1,1,0,50,0,40,0,0
2545.51,85,7,301,1,1,0,50,1,13,0,0
2555.51,86,3,302,2,2,0,74.99908,2,30,0,0
2565.51,86,11,304,4,4,0,74.99908,2,30,0,0
2575.51,86,15,305,5,5,0,74.99908,2,30,0,0
2585.51,87,3,306,3,3,0,50,0,40,0,0
2595.51,87,8,307,1,1,0,50,0,40,0,0
2605.51,87,10,308,1,1,0,50,0,40,0,0
2615.51,87,16,309,1,1,0,50,0,40,0,0
2625.51,88,3,311,2,2,0,62.5,1,20,0,0
2635.51,88,11,312,3,3,0,62.5,1,20,0,0
2645.51,89,2,313,4,4,0,50,2,30,0,0
2655.51,89,11,314,5,5,0,50,2,30,0,0
2665.51,89,14,316,7,7,0,50,2,30,0,0
2675.51,90,5,317,4,4,0,66.66666,0,40,0,0
2685.51,90,9,318,1,1,0,66.66666,0,40,0,0
2695.51,90,11,319,1,1,0,66.66666,0,40,0,0
2705.51,90,17,320,1,1,0,66.66666,0,40,0,0
2715.51,91,5,322,2,2,0,62.5,1,20,0,0
2725.51,91,13,323,3,3,0,62.5,1,20,0,0
2735.51,92,3,324,4,4,0,50,2,29,0,0
2745.51,92,11,325,5,5,0,50,2,29,0,0
2755.51,92,15,326,6,6,0,50,2,29,0,0
2765.51,93,5,327,3,3,0,50,0,40,0,0
2775.51,93,8,329,2,2,0,50,0,40,0,0
2785.51,93,11,330,1,1,0,50,0,40,0,0
2795.51,93,17,331,1,1,0,50,0,40,0,0
2805.51,94,5,332,1,1,0,75,1,20,0,0
2815.51,94,12,333,2,2,0,75,1,20,0,0
2825.51,95,3,334,3,3,0,50,2,30,0,0
2835.51,95,10,336,5,5,0,50,2,30,0,0
2845.51,95,15,337,6,6,0,50,2,30,0,0
2855.51,96,4,338,4,4,0,50,0,40,0,0
2865.51,96,8,339,1,1,0,50,0,40,0,0
2875.51,96,11,340,1,1,0,50,0,40,0,0
2885.51,96,16,341,1,1,0,50,0,40,0,0
2895.51,97,6,343,2,2,0,62.5,1,20,0,0
2905.51,97,14,344,3,3,0,62.5,1,20,0,0
2915.51,98,3,345,4,4,0,75,2,30,0,0
2925.51,98,9,346,5,5,0,75,2,30,0,0
2935.51,98,15,347,6,6,0,75,2,30,0,0
2945.51,99,5,349,5,5,0,50,0,40,0,0
2955.51,99,8,350,1,1,0,50,0,40,0,0
2965.51,99,10,351,1,1,0,50,0,40,0,0
2975.51,99,17,352,1,1,0,50,0,40,0,0
2985.51,100,6,353,1,1,0,62.5,1,19,0,0
2995.51,100,13,355,3,3,0,62.5,1,19,0,0
3005.51,101,4,356,4,4,0,50,2,30,0,0
3015.51,101,10,357,5,5,0,50,2,30,0,0
3025.51,101,16,359,7,7,0,50,2,30,0,0
3035.51,102,5,360,5,5,0,66.66666,0,33,0,0
3045.51,102,8,361,1,1,0,66.66666,0,33,0,0
3055.51,102,10,362,1,1,0,66.66666,0,33,0,0
3065.51,103,3,364,2,2,0,60.00014,1,24,0,0
3075.51,103,9,365,3,3,0,60.00014,1,24,0,0
3085.51,103,16,367,5,5,0,60.00014,1,24,0,0
3095.51,104,3,368,5,5,0,74.99977,2,30,0,0
3105.51,104,9,369,6,6,0,74.99977,2,30,0,0
3115.51,104,13,370,7,7,0,74.99977,2,30,0,0
3125.51,105,4,372,6,6,0,66.66666,0,40,0,0
3135.51,105,7,373,1,1,0,66.66666,0,40,0,0
3145.51,105,9,374,1,1,0,66.66666,0,40,0,0
3155.51,105,14,375,1,1,0,66.66666,0,40,0,0
3165.51,106,4,376,1,1,0,50,1,20,0,0
3175.51,106,11,378,3,3,0,50,1,20,0,0
3185.51,107,3,379,2,2,0,75,2,30,0,0
3195.51,107,10,380,3,3,0,75,2,30,0,0
3205.51,107,15,381,4,4,0,75,2,30,0,0
3215.51,108,4,382,2,2,0,50,0,40,0,0
3225.51,108,8,383,1,1,0,50,0,40,0,0
3235.51,108,10,384,1,1,0,50,0,40,0,0
3245.51,108,16,386,2,2,0,50,0,40,0,0
3255.51,109,5,387,2,2,0,62.5,1,20,0,0
3265.51,109,12,388,3,3,0,62.5,1,20,0,0
3275.51,110,3,390,5,5,0,75,2,30,0,0
3285.51,110,10,391,6,6,0,75,2,30,0,0
3295.51,110,16,393,8,8,0,75,2,30,0,0
3305.51,111,4,394,6,6,0,66.66666,0,40,0,0
3315.51,111,8,395,1,1,0,66.66666,0,40,0,0
3325.51,111,11,396,1,1,0,66.66666,0,40,0,0
3335.51,111,16,397,1,1,0,66.66666,0,40,0,0
3345.51,112,5,399,2,2,0,62.5,1,20,0,0
3355.51,112,11,400,3,3,0,62.5,1,20,0,0
3365.51,113,4,401,1,1,0,50,2,24,0,0
3375.51,113,9,402,2,2,0,50,2,24,0,0
3385.51,113,16,403,3,3,0,50,2,24,0,0
3395.51,114,5,404,1,1,0,56.25034,0,40,0,0
3405.51,114,8,406,2,2,0,56.25034,0,40,0,0
3415.51,114,12,407,1,1,0,56.25034,0,40,0,0
3425.51,114,17,409,2,2,0,56.25034,0,40,0,0
3435.51,115,8,410,2,2,0,75,1,20,0,0
3445.51,115,13,412,4,4,0,75,1,20,0,0
3455.51,116,6,413,4,4,0,75,2,30,0,0
3465.51,116,11,414,5,5,0,75,2,30,0,0
3475.51,116,18,415,6,6,0,75,2,30,0,0
3485.51,117,5,416,1,1,0,50,0,40,0,0
3495.51,117,8,417,1,1,0,50,0,40,0,0
3505.51,117,11,419,2,2,0,50,0,40,0,0
3515.51,117,17,420,1,1,0,50,0,40,0,0
3525.51,118,6,421,2,2,0,62.5,1,20,0,0
3535.51,118,12,422,3,3,0,62.5,1,20,0,0
3545.51,119,6,423,3,3,0,50,2,30,0,0
3555.51,119,9,424,4,4,0,50,2,30,0,0
3565.51,119,18,425,5,5,0,50,2,30,0,0
3575.51,120,5,427,2,2,0,50,0,40,0,0
3585.51,120,7,428,1,1,0,50,0,40,0,0
3595.51,120,12,429,1,1,0,50,0,40,0,0
3605.51,120,17,430,1,1,0,50,0,40,0,0
3615.51,121,7,431,2,2,0,62.5,1,20,0,0
3625.51,121,12,432,3,3,0,62.5,1,20,0,0
3635.51,122,5,433,2,2,0,50,2,30,0,0
3645.51,122,9,434,3,3,0,50,2,30,0,0
3655.51,122,17,435,4,4,0,50,2,30,0,0
3665.51,123,5,436,1,1,0,50,0,45,0,0
3675.51,123,7,438,2,2,0,50,0,45,0,0
3685.51,123,12,439,1,1,0,50,0,45,0,0
3695.51,123,17,440,1,1,0,50,0,45,0,0
3705.51,124,4,441,1,1,0,64.2856,1,20,0,0
3715.51,124,10,443,3,3,0,64.2856,1,20,0,0
3725.51,125,2,444,4,4,0,50,2,26,0,0
3735.51,125,4,445,4,4,0,50,2,26,0,0
3745.51,125,13,447,6,6,0,50,2,26,0,0
3755.51,126,6,448,4,4,0,74.99977,0,40,0,0
3765.51,126,7,449,1,1,0,74.99977,0,40,0,0
3775.51,126,11,450,1,1,0,74.99977,0,40,0,0
3785.51,126,18,451,1,1,0,74.99977,0,40,0,0
3795.51,127,5,452,1,1,0,50,1,20,0,0
3805.51,127,9,454,3,3,0,50,1,20,0,0
3815.51,128,7,455,1,1,0,75,2,30,0,0
3825.51,128,9,456,2,2,0,75,2,30,0,0
3835.51,128,17,457,3,3,0,75,2,30,0,0
3845.51,129,6,459,2,2,0,66.66666,0,40,0,0
3855.51,129,9,460,1,1,0,66.66666,0,40,0,0
3865.51,129,11,462,2,2,0,66.66666,0,40,0,0
3875.51,129,18,463,1,1,0,66.66666,0,40,0,0
3885.51,130,5,464,1,1,0,62.5,1,20,0,0
3895.51,130,10,466,3,3,0,62.5,1,20,0,0
3905.51,131,6,467,1,1,0,75,2,30,0,0
3915.51,131,9,468,1,1,0,75,2,30,0,0
3925.51,131,16,469,1,1,0,75,2,30,0,0
3935.51,132,3,471,2,2,0,66.66666,0,40,0,0
3945.51,132,6,472,1,1,0,66.66666,0,40,0,0
3955.51,132,9,473,1,1,0,66.66666,0,40,0,0
3965.51,132,15,474,1,1,0,66.66666,0,40,0,0
3975.51,133,5,475,1,1,0,50,1,20,0,0
3985.51,133,10,476,2,2,0,50,1,20,0,0
3995.51,134,5,478,4,4,0,75,2,30,0,0
4005.51,134,10,479,5,5,0,75,2,30,0,0
4015.51,134,14,480,6,6,0,75,2,30,0,0
4025.51,135,4,481,4,4,0,50,0,40,0,0
4035.51,135,6,482,1,1,0,50,0,40,0,0
4045.51,135,12,483,1,1,0,50,0,40,0,0
4055.51,135,16,484,1,1,0,50,0,40,0,0
4065.51,136,6,486,2,2,0,62.5,1,20,0,0
4075.51,136,9,487,3,3,0,62.5,1,20,0,0
4085.51,137,3,488,3,3,0,50,2,30,0,0
4095.51,137,9,489,4,4,0,50,2,30,0,0
4105.51,137,13,490,5,5,0,50,2,30,0,0
4115.51,138,2,491,3,3,0,66.66721,0,40,0,0
4125.51,138,5,492,1,1,0,66.66721,0,40,0,0
4135.51,138,8,493,1,1,0,66.66721,0,40,0,0
4145.51,138,14,494,1,1,0,66.66721,0,40,0,0
4155.51,139,5,495,1,1,0,50,1,20,0,0
4165.51,139,8,497,3,3,0,50,1,20,0,0
4175.51,140,2,498,3,3,0,50,2,25,0,0
4185.51,140,8,499,4,4,0,50,2,25,0,0
4195.51,140,12,500,5,5,0,50,2,25,0,0
4205.51,141,7,502,2,2,0,56.24931,0,40,0,0
4215.51,141,10,503,1,1,0,56.24931,0,40,0,0
4225.51,141,13,504,1,1,0,56.24931,0,40,0,0
4235.51,141,19,505,1,1,0,56.24931,0,40,0,0
4245.51,142,9,507,3,3,0,62.5,1,20,0,0
4255.51,142,12,508,4,4,0,62.5,1,20,0,0
4265.51,143,5,510,2,2,0,75,2,30,0,0
4275.51,143,12,511,1,1,0,75,2,30,0,0
4285.51,143,17,512,2,2,0,75,2,30,0,0
4295.51,144,5,513,1,1,0,66.66666,0,40,0,0
4305.51,144,7,515,2,2,0,66.66666,0,40,0,0
4315.51,144,12,516,1,1,0,66.66666,0,40,0,0
4325.51,144,15,517,1,1,0,66.66666,0,40,0,0
4335.51,145,10,518,2,2,0,62.5,1,20,0,0
4345.51,145,12,519,3,3,0,62.5,1,20,0,0
4355.51,146,4,520,4,4,0,50,2,30,0,0
4365.51,146,12,521,5,5,0,50,2,30,0,0
4375.51,146,16,522,6,6,0,50,2,30,0,0
4385.51,147,5,523,1,1,0,50,0,40,0,0
4395.51,147,8,525,2,2,0,50,0,40,0,0
4405.51,147,13,526,1,1,0,50,0,40,0,0
4415.51,147,17,527,1,1,0,50,0,40,0,0
4425.51,148,7,529,3,3,0,62.5,1,20,0,0
4435.51,148,12,530,4,4,0,62.5,1,20,0,0
4445.51,149,4,531,2,2,0,75,2,25,0,0
4455.51,149,11,533,4,4,0,75,2,25,0,0
4465.51,150,3,534,5,5,0,56.25034,0,40,0,0
4475.51,150,8,535,1,1,0,56.25034,0,40,0,0
4485.51,150,11,536,1,1,0,56.25034,0,40,0,0
4495.51,150,14,538,2,2,0,56.25034,0,40,0,0
4505.51,151,1,539,1,1,0,62.5,1,20,0,0
4515.51,151,9,540,2,2,0,62.5,1,20,0,0
4525.51,152,1,541,3,3,0,75,2,24,0,0
4535.51,152,7,542,4,4,0,75,2,24,0,0
4545.51,152,12,543,5,5,0,75,2,24,0,0
4555.51,153,2,545,4,4,0,56.25034,0,40,0,0
4565.51,153,9,546,1,1,0,56.25034,0,40,0,0
4575.51,153,12,547,1,1,0,56.25034,0,40,0,0
4585.51,153,15,549,2,2,0,56.25034,0,40,0,0
4595.51,154,2,550,2,2,0,62.5,1,11,0,0
4605.51,155,4,551,3,3,0,74.99908,2,30,0,0
4615.51,155,8,553,2,2,0,74.99908,2,30,0,0
4625.51,155,13,554,3,3,0,74.99908,2,30,0,0
4635.51,156,2,555,4,4,0,66.66666,0,40,0,0
4645.51,156,7,557,2,2,0,66.66666,0,40,0,0
4655.51,156,15,558,1,1,0,66.66666,0,40,0,0
4665.51,156,17,559,1,1,0,66.66666,0,40,0,0
4675.51,157,1,560,1,1,0,62.5,1,20,0,0
4685.51,157,9,562,3,3,0,62.5,1,20,0,0
4695.51,158,1,563,4,4,0,75,2,30,0,0
4705.51,158,6,565,5,5,0,75,2,30,0,0
4715.51,158,10,566,6,6,0,75,2,30,0,0
4725.51,159,1,567,7,7,0,66.66666,0,40,0,0
4735.51,159,5,569,2,2,0,66.66666,0,40,0,0
4745.51,159,12,570,1,1,0,66.66666,0,40,0,0
4755.51,159,14,571,1,1,0,66.66666,0,40,0,0
4765.51,160,1,573,2,2,0,62.5,1,20,0,0
4775.51,160,6,574,3,3,0,62.5,1,20,0,0
4785.51,161,1,575,4,4,0,50,2,30,0,0
4795.51,161,4,576,5,5,0,50,2,30,0,0
4805.51,161,7,577,6,6,0,50,2,30,0,0
4815.51,162,1,578,7,7,0,66.66666,0,40,0,0
4825.51,162,4,580,2,2,0,66.66666,0,40,0,0
4835.51,162,10,581,1,1,0,66.66666,0,40,0,0
4845.51,162,13,582,1,1,0,66.66666,0,40,0,0
4855.51,163,1,583,1,1,0,62.5,1,20,0,0
4865.51,163,7,584,2,2,0,62.5,1,20,0,0
4875.51,164,1,585,3,3,0,50,2,25,0,0
4885.51,164,6,586,4,4,0,50,2,25,0,0
4895.51,164,8,587,5,5,0,50,2,25,0,0
4905.51,165,8,588,2,2,0,37.49954,0,40,0,0
4915.51,165,11,589,1,1,0,37.49954,0,40,0,0
4925.51,165,17,590,1,1,0,37.49954,0,40,0,0
4935.51,165,19,591,1,1,0,37.49954,0,40,0,0
4945.51,166,4,593,2,2,0,62.5,1,20,0,0
4955.51,166,12,594,3,3,0,62.5,1,20,0,0
4965.51,167,5,595,2,2,0,50,2,30,0,0
4975.51,167,10,596,3,3,0,50,2,30,0,0
4985.51,167,13,597,4,4,0,50,2,30,0,0
4995.51,168,5,599,4,4,0,66.66666,0,40,0,0
5005.51,168,9,600,1,1,0,66.66666,0,40,0,0
5015.51,168,14,601,1,1,0,66.66666,0,40,0,0
5025.51,168,17,602,1,1,0,66.66666,0,40,0,0
5035.51,169,5,603,2,2,0,50,1,20,0,0
5045.51,169,12,605,4,4,0,50,1,20,0,0
5055.51,170,4,606,3,3,0,75,2,30,0,0
5065.51,170,9,607,4,4,0,75,2,30,0,0
5075.51,170,13,608,5,5,0,75,2,30,0,0
5085.51,171,3,610,3,3,0,66.66666,0,40,0,0
5095.51,171,8,611,1,1,0,66.66666,0,40,0,0
5105.51,171,13,612,1,1,0,66.66666,0,40,0,0
5115.51,171,15,613,1,1,0,66.66666,0,40,0,0
5125.51,172,5,614,1,1,0,50,1,20,0,0
5135.51,172,12,615,2,2,0,50,1,20,0,0
5145.51,173,2,616,2,2,0,50,2,30,0,0
5155.51,173,7,617,3,3,0,50,2,30,0,0
5165.51,173,12,619,5,5,0,50,2,30,0,0
5175.51,174,2,620,2,2,0,66.66666,0,40,0,0
5185.51,174,8,621,1,1,0,66.66666,0,40,0,0
5195.51,174,13,622,1,1,0,66.66666,0,40,0,0
5205.51,174,15,623,1,1,0,66.66666,0,40,0,0
5215.51,175,5,625,2,2,0,62.5,1,21,0,0
5225.51,175,12,626,3,3,0,62.5,1,21,0,0
5235.51,176,2,627,4,4,0,42.85774,2,25,0,0
5245.51,176,7,628,3,3,0,42.85774,2,25,0,0
5255.51,176,12,629,4,4,0,42.85774,2,25,0,0
5265.51,177,4,630,2,2,0,56.24931,0,43,0,0
5275.51,177,10,631,1,1,0,56.24931,0,43,0,0
5285.51,177,15,632,1,1,0,56.24931,0,43,0,0
5295.51,177,17,633,1,1,0,56.24931,0,43,0,0
5305.51,178,4,634,1,1,0,57.69274,1,20,0,0
5315.51,178,12,636,3,3,0,57.69274,1,20,0,0
5325.51,179,2,637,4,4,0,50,2,30,0,0
5335.51,179,7,638,2,2,0,50,2,30,0,0
5345.51,179,13,639,3,3,0,50,2,30,0,0
5355.51,180,2,640,4,4,0,66.66666,0,37,0,0
5365.51,180,7,642,2,2,0,66.66666,0,37,0,0
5375.51,180,14,643,1,1,0,66.66666,0,37,0,0
5385.51,180,15,644,1,1,0,66.66666,0,37,0,0
5395.51,181,3,646,2,2,0,62.5,1,20,0,0
5405.51,181,12,647,3,3,0,62.5,1,20,0,0
5415.51,182,2,648,4,4,0,75,2,30,0,0
5425.51,182,5,650,6,6,0,75,2,30,0,0
5435.51,182,10,651,7,7,0,75,2,30,0,0
5445.51,183,2,653,9,9,0,66.66666,0,40,0,0
5455.51,183,7,654,1,1,0,66.66666,0,40,0,0
5465.51,183,13,656,2,2,0,66.66666,0,40,0,0
5475.51,183,14,657,1,1,0,66.66666,0,40,0,0
5485.51,184,2,658,1,1,0,75,1,20,0,0
5495.51,184,10,659,2,2,0,75,1,20,0,0
5505.51,185,1,660,3,3,0,50,2,30,0,0
5515.51,185,5,661,4,4,0,50,2,30,0,0
5525.51,185,9,663,6,6,0,50,2,30,0,0
5535.51,186,1,664,7,7,0,50,0,40,0,0
5545.51,186,8,665,1,1,0,50,0,40,0,0
5555.51,186,13,666,1,1,0,50,0,40,0,0
5565.51,186,15,668,2,2,0,50,0,40,0,0
5575.51,187,3,669,1,1,0,62.5,1,20,0,0
5585.51,187,12,670,2,2,0,62.5,1,20,0,0
5595.51,188,1,671,3,3,0,75,2,30,0,0
5605.51,188,7,672,1,1,0,75,2,30,0,0
5615.51,188,11,673,1,1,0,75,2,30,0,0
5625.51,189,1,674,1,1,0,50,0,41,0,0
5635.51,189,8,675,1,1,0,50,0,41,0,0
5645.51,189,13,676,1,1,0,50,0,41,0,0
5655.51,189,14,677,1,1,0,50,0,41,0,0
5665.51,189,19,679,2,2,0,50,0,41,0,0
5675.51,190,8,680,2,2,0,57.69209,1,20,0,0
5685.51,190,12,681,3,3,0,57.69209,1,20,0,0
5695.51,191,7,682,4,4,0,50,2,30,0,0
5705.51,191,12,683,5,5,0,50,2,30,0,0
5715.51,191,17,684,6,6,0,50,2,30,0,0
5725.51,192,8,685,1,1,0,50,0,40,0,0
5735.51,192,13,687,2,2,0,50,0,40,0,0
5745.51,192,15,688,1,1,0,50,0,40,0,0
5755.51,192,20,689,1,1,0,50,0,40,0,0
5765.51,193,8,691,3,3,0,62.5,1,20,0,0
5775.51,193,11,692,4,4,0,62.5,1,20,0,0
5785.51,194,5,693,3,3,0,75,2,25,0,0
5795.51,194,12,694,4,4,0,75,2,25,0,0
5805.51,195,1,696,6,6,0,56.25034,0,40,0,0
5815.51,195,8,697,1,1,0,56.25034,0,40,0,0
5825.51,195,13,698,1,1,0,56.25034,0,40,0,0
5835.51,195,15,699,1,1,0,56.25034,0,40,0,0
5845.51,196,3,700,1,1,0,62.5,1,20,0,0
5855.51,196,10,702,3,3,0,62.5,1,20,0,0
5865.51,197,1,703,4,4,0,75,2,30,0,0
5875.51,197,7,704,4,4,0,75,2,30,0,0
5885.51,197,12,705,5,5,0,75,2,30,0,0
5895.51,198,1,707,7,7,0,50,0,40,0,0
5905.51,198,7,708,1,1,0,50,0,40,0,0
5915.51,198,13,710,2,2,0,50,0,40,0,0
5925.51,198,15,711,1,1,0,50,0,40,0,0
5935.51,199,1,712,1,1,0,62.5,1,20,0,0
5945.51,199,10,713,2,2,0,62.5,1,20,0,0
5955.51,200,1,715,4,4,0,75,2,26,0,0
5965.51,200,7,716,5,5,0,75,2,26,0,0
5975.51,200,11,717,6,6,0,75,2,26,0,0
5985.51,201,4,719,4,4,0,74.99908,0,40,0,0
5995.51,201,9,720,1,1,0,74.99908,0,40,0,0
6005.51,201,15,721,1,1,0,74.99908,0,40,0,0
6015.51,201,18,723,2,2,0,74.99908,0,40,0,0
6025.51,202,2,724,2,2,0,62.5,1,20,0,0
6035.51,202,11,725,3,3,0,62.5,1,20,0,0
6045.51,203,4,726,3,3,0,75,2,30,0,0
6055.51,203,7,728,5,5,0,75,2,30,0,0
6065.51,203,15,729,6,6,0,75,2,30,0,0
6075.51,204,2,730,4,4,0,66.66666,0,40,0,0
6085.51,204,7,732,2,2,0,66.66666,0,40,0,0
6095.51,204,13,733,1,1,0,66.66666,0,40,0,0
6105.51,204,16,734,1,1,0,66.66666,0,40,0,0
6115.51,205,3,735,1,1,0,62.5,1,20,0,0
6125.51,205,11,736,2,2,0,62.5,1,20,0,0
6135.51,206,2,737,3,3,0,50,2,30,0,0
6145.51,206,7,738,4,4,0,50,2,30,0,0
6155.51,206,14,739,5,5,0,50,2,30,0,0
6165.51,207,1,741,4,4,0,50,0,40,0,0
6175.51,207,8,742,1,1,0,50,0,40,0,0
6185.51,207,12,743,1,1,0,50,0,40,0,0
6195.51,207,15,744,1,1,0,50,0,40,0,0
6205.51,208,4,746,2,2,0,62.5,1,20,0,0
6215.51,208,9,747,3,3,0,62.5,1,20,0,0
6225.51,209,2,748,4,4,0,75,2,30,0,0
6235.51,209,7,749,5,5,0,75,2,30,0,0
6245.51,209,15,750,6,6,0,75,2,30,0,0
6255.51,210,3,751,3,3,0,50,0,37,0,0
6265.51,210,8,753,2,2,0,50,0,37,0,0
6275.51,210,13,754,1,1,0,50,0,37,0,0
6285.51,210,17,755,1,1,0,50,0,37,0,0
6295.51,211,3,757,2,2,0,62.5,1,20,0,0
6305.51,211,9,758,3,3,0,62.5,1,20,0,0
6315.51,212,4,759,3,3,0,50,2,30,0,0
6325.51,212,8,760,4,4,0,50,2,30,0,0
6335.51,212,15,761,5,5,0,50,2,30,0,0
6345.51,213,3,763,3,3,0,66.66666,0,40,0,0
6355.51,213,9,764,1,1,0,66.66666,0,40,0,0
6365.51,213,13,765,1,1,0,66.66666,0,40,0,0
6375.51,213,16,766,1,1,0,66.66666,0,40,0,0
6385.51,214,4,768,2,2,0,62.5,1,20,0,0
6395.51,214,8,769,3,3,0,62.5,1,20,0,0
6405.51,215,4,770,1,1,0,50,2,30,0,0
6415.51,215,9,771,1,1,0,50,2,30,0,0
6425.51,215,17,772,1,1,0,50,2,30,0,0
6435.51,216,2,774,2,2,0,66.66666,0,40,0,0
6445.51,216,8,775,1,1,0,66.66666,0,40,0,0
6455.51,216,13,776,1,1,0,66.66666,0,40,0,0
6465.51,216,17,777,1,1,0,66.66666,0,40,0,0
6475.51,217,3,779,2,2,0,62.5,1,20,0,0
6485.51,217,7,780,3,3,0,62.5,1,20,0,0
6495.51,218,2,781,3,3,0,50,2,27,0,0
6505.51,218,8,782,4,4,0,50,2,27,0,0
6515.51,218,17,783,5,5,0,50,2,27,0,0
6525.51,219,1,784,3,3,0,50,0,35,0,0
6535.51,219,7,785,1,1,0,50,0,35,0,0
6545.51,219,12,786,1,1,0,50,0,35,0,0
6555.51,219,16,788,2,2,0,50,0,35,0,0
6565.51,220,4,789,2,2,0,68.18212,1,20,0,0
6575.51,220,7,791,4,4,0,68.18212,1,20,0,0
6585.51,221,4,792,5,5,0,75,2,30,0,0
6595.51,221,10,794,7,7,0,75,2,30,0,0
6605.51,221,19,795,8,8,0,75,2,30,0,0
6615.51,222,4,796,3,3,0,66.66666,0,40,0,0
6625.51,222,10,797,1,1,0,66.66666,0,40,0,0
6635.51,222,14,798,1,1,0,66.66666,0,40,0,0
6645.51,222,19,799,1,1,0,66.66666,0,40,0,0
6655.51,223,4,800,2,2,0,50,1,20,0,0
6665.51,223,8,802,4,4,0,50,1,20,0,0
6675.51,224,4,803,5,5,0,75,2,30,0,0
6685.51,224,10,804,6,6,0,75,2,30,0,0
6695.51,224,19,806,8,8,0,75,2,30,0,0
6705.51,225,4,807,3,3,0,66.66666,0,40,0,0
6715.51,225,10,808,1,1,0,66.66666,0,40,0,0
6725.51,225,14,809,1,1,0,66.66666,0,40,0,0
6735.51,225,19,810,1,1,0,66.66666,0,40,0,0
6745.51,226,4,811,1,1,0,50,1,20,0,0
6755.51,226,8,813,3,3,0,50,1,20,0,0
6765.51,227,2,814,3,3,0,75,2,30,0,0
6775.51,227,10,815,4,4,0,75,2,30,0,0
6785.51,227,17,816,5,5,0,75,2,30,0,0
6795.51,228,4,817,1,1,0,50,0,40,0,0
6805.51,228,11,818,1,1,0,50,0,40,0,0
6815.51,228,14,820,2,2,0,50,0,40,0,0
6825.51,228,19,821,1,1,0,50,0,40,0,0
6835.51,229,4,822,2,2,0,62.5,1,20,0,0
6845.51,229,7,823,3,3,0,62.5,1,20,0,0
6855.51,230,3,824,2,2,0,50,2,30,0,0
6865.51,230,9,825,3,3,0,50,2,30,0,0
6875.51,230,18,827,5,5,0,50,2,30,0,0
6885.51,231,5,828,1,1,0,66.66666,0,40,0,0
6895.51,231,10,829,1,1,0,66.66666,0,40,0,0
6905.51,231,14,830,1,1,0,66.66666,0,40,0,0
6915.51,231,20,831,1,1,0,66.66666,0,40,0,0
6925.51,232,3,833,2,2,0,50,1,20,0,0
6935.51,232,8,834,3,3,0,50,1,20,0,0
6945.51,233,3,835,4,4,0,75,2,30,0,0
6955.51,233,12,836,5,5,0,75,2,30,0,0
6965.51,233,18,837,6,6,0,75,2,30,0,0
6975.51,234,6,838,1,1,0,50,0,40,0,0
6985.51,234,12,839,1,1,0,50,0,40,0,0
6995.51,234,15,840,1,1,0,50,0,40,0,0
7005.51,234,20,842,2,2,0,50,0,40,0,0
7015.51,235,3,843,2,2,0,62.5,1,20,0,0
7025.51,235,8,844,3,3,0,62.5,1,20,0,0
7035.51,236,3,846,5,5,0,50,2,30,0,0
7045.51,236,10,847,6,6,0,50,2,30,0,0
7055.51,236,17,848,7,7,0,50,2,30,0,0
7065.51,237,3,849,1,1,0,66.66666,0,38,0,0
7075.51,237,11,850,1,1,0,66.66666,0,38,0,0
7085.51,237,13,851,1,1,0,66.66666,0,38,0,0
7095.51,237,19,852,1,1,0,66.66666,0,38,0,0
7105.51,238,4,854,2,2,0,50,1,20,0,0
7115.51,238,9,855,3,3,0,50,1,20,0,0
7125.51,239,3,857,5,5,0,75,2,30,0,0
7135.51,239,10,858,6,6,0,75,2,30,0,0
7145.51,239,18,859,7,7,0,75,2,30,0,0
7155.51,240,5,860,2,2,0,66.66666,0,40,0,0
7165.51,240,11,861,1,1,0,66.66666,0,40,0,0
7175.51,240,15,863,2,2,0,66.66666,0,40,0,0
7185.51,240,19,864,1,1,0,66.66666,0,40,0,0
7195.51,241,4,865,2,2,0,62.5,1,20,0,0
7205.51,241,8,866,3,3,0,62.5,1,20,0,0
7215.51,242,3,868,5,5,0,50,2,30,0,0
7225.51,242,9,869,6,6,0,50,2,30,0,0
7235.51,242,18,870,7,7,0,50,2,30,0,0
7245.51,243,2,872,2,2,0,66.66666,0,40,0,0
7255.51,243,11,873,1,1,0,66.66666,0,40,0,0
7265.51,243,14,874,1,1,0,66.66666,0,40,0,0
7275.51,243,18,875,1,1,0,66.66666,0,40,0,0
7285.51,244,6,876,2,2,0,62.5,1,20,0,0
7295.51,244,10,877,3,3,0,62.5,1,20,0,0
7305.51,245,4,878,2,2,0,50,2,26,0,0
7315.51,245,10,879,3,3,0,50,2,26,0,0
7325.51,246,3,880,4,4,0,56.25034,0,40,0,0
7335.51,246,8,882,2,2,0,56.25034,0,40,0,0
7345.51,246,14,883,1,1,0,56.25034,0,40,0,0
7355.51,246,18,884,1,1,0,56.25034,0,40,0,0
7365.51,247,3,885,1,1,0,62.5,1,20,0,0
7375.51,247,8,887,3,3,0,62.5,1,20,0,0
7385.51,248,1,888,4,4,0,75,2,30,0,0
7395.51,248,5,890,6,6,0,75,2,30,0,0
7405.51,248,13,891,7,7,0,75,2,30,0,0
7415.51,249,2,892,8,8,0,66.66666,0,38,0,0
7425.51,249,7,893,1,1,0,66.66666,0,38,0,0
7435.51,249,13,894,1,1,0,66.66666,0,38,0,0
7445.51,249,17,895,1,1,0,66.66666,0,38,0,0
7455.51,250,3,896,1,1,0,50,1,20,0,0
7465.51,250,8,897,2,2,0,50,1,20,0,0
7475.51,251,1,898,3,3,0,50,2,27,0,0
7485.51,251,5,899,4,4,0,50,2,27,0,0
7495.51,251,12,900,5,5,0,50,2,27,0,0
7505.51,252,3,902,7,7,0,50,0,40,0,0
7515.51,252,7,903,1,1,0,50,0,40,0,0
7525.51,252,14,904,1,1,0,50,0,40,0,0
7535.51,252,19,906,2,2,0,50,0,40,0,0
7545.51,253,2,907,1,1,0,75,1,20,0,0
7555.51,253,6,909,3,3,0,75,1,20,0,0
7565.51,254,1,910,4,4,0,50,2,30,0,0
7575.51,254,6,911,4,4,0,50,2,30,0,0
7585.51,254,12,912,5,5,0,50,2,30,0,0
7595.51,255,3,914,7,7,0,66.66666,0,35,0,0
7605.51,255,7,915,1,1,0,66.66666,0,35,0,0
7615.51,255,14,916,1,1,0,66.66666,0,35,0,0
7625.51,255,19,917,1,1,0,66.66666,0,35,0,0
7635.51,256,2,918,1,1,0,54.54497,1,15,0,0
7645.51,256,7,920,3,3,0,54.54497,1,15,0,0
7655.51,257,6,921,1,1,0,90.00088,2,30,0,0
7665.51,257,10,922,2,2,0,90.00088,2,30,0,0
7675.51,257,16,923,3,3,0,90.00088,2,30,0,0
7685.51,258,6,925,2,2,0,50,0,37,0,0
7695.51,258,10,926,1,1,0,50,0,37,0,0
7705.51,258,16,928,2,2,0,50,0,37,0,0
7715.51,258,22,929,1,1,0,50,0,37,0,0
7725.51,259,4,930,2,2,0,75,1,20,0,0
7735.51,259,7,932,4,4,0,75,1,20,0,0
7745.51,260,6,933,4,4,0,75,2,31,0,0
7755.51,260,10,934,5,5,0,75,2,31,0,0
7765.51,260,14,935,6,6,0,75,2,31,0,0
7775.51,261,7,937,6,6,0,59.99971,0,40,0,0
7785.51,261,8,938,1,1,0,59.99971,0,40,0,0
7795.51,261,14,939,1,1,0,59.99971,0,40,0,0
7805.51,261,20,941,2,2,0,59.99971,0,40,0,0
7815.51,262,2,942,2,2,0,62.5,1,20,0,0
7825.51,262,5,943,3,3,0,62.5,1,20,0,0
7835.51,263,4,944,4,4,0,50,2,30,0,0
7845.51,263,8,945,5,5,0,50,2,30,0,0
7855.51,263,13,946,6,6,0,50,2,30,0,0
7865.51,264,4,947,4,4,0,50,0,40,0,0
7875.51,264,8,948,1,1,0,50,0,40,0,0
7885.51,264,15,949,1,1,0,50,0,40,0,0
7895.51,264,20,951,2,2,0,50,0,40,0,0
7905.51,265,2,952,2,2,0,62.5,1,20,0,0
7915.51,265,6,953,3,3,0,62.5,1,20,0,0
7925.51,266,3,954,4,4,0,75,2,30,0,0
7935.51,266,8,956,6,6,0,75,2,30,0,0
7945.51,266,12,957,7,7,0,75,2,30,0,0
7955.51,267,4,958,5,5,0,50,0,46,0,0
7965.51,267,8,959,1,1,0,50,0,46,0,0
7975.51,267,14,960,1,1,0,50,0,46,0,0
7985.51,267,20,962,2,2,0,50,0,46,0,0
7995.51,267,22,963,1,1,0,50,0,46,0,0
8005.51,268,4,964,2,2,0,64.28594,1,20,0,0
8015.51,268,12,965,3,3,0,64.28594,1,20,0,0
8025.51,269,3,966,4,4,0,50,2,30,0,0
8035.51,269,8,967,5,5,0,50,2,30,0,0
8045.51,269,16,968,6,6,0,50,2,30,0,0
8055.51,270,2,970,2,2,0,50,0,40,0,0
8065.51,270,9,971,1,1,0,50,0,40,0,0
8075.51,270,15,972,1,1,0,50,0,40,0,0
8085.51,270,17,973,1,1,0,50,0,40,0,0
8095.51,271,4,974,1,1,0,62.5,1,20,0,0
8105.51,271,12,976,3,3,0,62.5,1,20,0,0
8115.51,272,4,977,4,4,0,75,2,30,0,0
8125.51,272,9,978,5,5,0,75,2,30,0,0
8135.51,272,17,979,6,6,0,75,2,30,0,0
8145.51,273,1,980,1,1,0,50,0,40,0,0
8155.51,273,9,981,1,1,0,50,0,40,0,0
8165.51,273,14,983,2,2,0,50,0,40,0,0
8175.51,273,16,984,1,1,0,50,0,40,0,0
8185.51,274,5,985,2,2,0,62.5,1,20,0,0
8195.511,274,12,986,3,3,0,62.5,1,20,0,0
8205.511,275,3,988,4,4,0,49.99878,2,30,0,0
8215.511,275,8,989,5,5,0,49.99878,2,30,0,0
8225.511,275,16,990,6,6,0,49.99878,2,30,0,0
8235.511,276,1,991,1,1,0,66.66666,0,40,0,0
8245.511,276,8,992,1,1,0,66.66666,0,40,0,0
8255.511,276,14,993,1,1,0,66.66666,0,40,0,0
8265.511,276,16,995,2,2,0,66.66666,0,40,0,0
8275.511,277,5,996,2,2,0,62.5,1,20,0,0
8285.511,277,12,997,3,3,0,62.5,1,20,0,0
8295.511,278,2,998,3,3,0,50,2,30,0,0
8305.511,278,7,999,4,4,0,50,2,30,0,0
8315.511,278,15,1000,5,5,0,50,2,30,0,0
8325.511,279,1,1001,1,1,0,50,0,40,0,0
8335.511,279,9,1002,1,1,0,50,0,40,0,0
8345.511,279,14,1003,1,1,0,50,0,40,0,0
8355.511,279,16,1004,1,1,0,50,0,40,0,0
8365.511,280,5,1005,2,2,0,50,1,18,0,0
8375.511,280,13,1006,3,3,0,50,1,18,0,0
8385.511,281,6,1007,4,4,0,50,2,30,0,0
8395.511,281,9,1009,6,6,0,50,2,30,0,0
8405.511,281,17,1010,7,7,0,50,2,30,0,0
8415.511,282,3,1011,1,1,0,66.66666,0,40,0,0
8425.511,282,8,1012,1,1,0,66.66666,0,40,0,0
8435.511,282,14,1013,1,1,0,66.66666,0,40,0,0
8445.511,282,16,1014,1,1,0,66.66666,0,40,0,0
8455.511,283,7,1015,2,2,0,50,1,20,0,0
8465.511,283,12,1017,4,4,0,50,1,20,0,0
8475.511,284,4,1018,4,4,0,75,2,30,0,0
8485.511,284,6,1020,6,6,0,75,2,30,0,0
8495.511,284,16,1021,7,7,0,75,2,30,0,0
8505.511,285,3,1022,2,2,0,66.66666,0,37,0,0
8515.511,285,9,1023,1,1,0,66.66666,0,37,0,0
8525.511,285,14,1025,2,2,0,66.66666,0,37,0,0
8535.511,285,16,1026,1,1,0,66.66666,0,37,0,0
8545.511,286,7,1027,2,2,0,62.5,1,20,0,0
8555.511,286,12,1028,3,3,0,62.5,1,20,0,0
8565.511,287,5,1030,5,5,0,50,2,25,0,0
8575.511,287,7,1031,6,6,0,50,2,25,0,0
8585.511,288,4,1033,8,8,0,75.00183,0,40,0,0
8595.511,288,7,1034,1,1,0,75.00183,0,40,0,0
8605.511,288,13,1035,1,1,0,75.00183,0,40,0,0
8615.511,288,18,1036,1,1,0,75.00183,0,40,0,0
8625.511,289,1,1037,1,1,0,62.5,1,20,0,0
8635.511,289,5,1038,2,2,0,62.5,1,20,0,0
8645.511,290,1,1040,4,4,0,50,2,30,0,0
8655.511,290,7,1041,5,5,0,50,2,30,0,0
8665.511,290,9,1042,6,6,0,50,2,30,0,0
8675.511,291,1,1043,7,7,0,66.66666,0,40,0,0
8685.511,291,7,1044,1,1,0,66.66666,0,40,0,0
8695.511,291,11,1046,2,2,0,66.66666,0,40,0,0
8705.511,291,17,1047,1,1,0,66.66666,0,40,0,0
8715.511,292,1,1048,1,1,0,50,1,20,0,0
8725.511,292,7,1049,2,2,0,50,1,20,0,0
8735.511,293,1,1050,3,3,0,75,2,30,0,0
8745.511,293,8,1052,4,4,0,75,2,30,0,0
8755.511,293,10,1053,5,5,0,75,2,30,0,0
8765.511,294,1,1054,6,6,0,66.66666,0,40,0,0
8775.511,294,7,1055,1,1,0,66.66666,0,40,0,0
8785.511,294,12,1057,2,2,0,66.66666,0,40,0,0
8795.511,294,17,1058,1,1,0,66.66666,0,40,0,0
8805.511,295,1,1059,1,1,0,62.5,1,18,0,0
8815.511,295,6,1061,3,3,0,62.5,1,18,0,0
8825.511,296,3,1062,4,4,0,50,2,30,0,0
8835.511,296,8,1063,4,4,0,50,2,30,0,0
8845.511,296,10,1064,5,5,0,50,2,30,0,0
8855.511,297,2,1065,6,6,0,66.66666,0,40,0,0
8865.511,297,8,1067,2,2,0,66.66666,0,40,0,0
8875.511,297,12,1068,1,1,0,66.66666,0,40,0,0
8885.511,297,18,1069,1,1,0,66.66666,0,40,0,0
8895.511,298,2,1070,1,1,0,62.5,1,20,0,0
8905.511,298,7,1071,2,2,0,62.5,1,20,0,0
8915.511,299,2,1072,3,3,0,50,2,29,0,0
8925.511,299,8,1073,4,4,0,50,2,29,0,0
8935.511,299,10,1074,5,5,0,50,2,29,0,0
8945.511,300,3,1075,6,6,0,50,0,49,0,0
8955.511,300,9,1076,1,1,0,50,0,49,0,0
8965.511,300,13,1078,2,2,0,50,0,49,0,0
8975.511,300,19,1079,1,1,0,50,0,49,0,0
8985.511,300,21,1081,2,2,0,50,0,49,0,0
8995.511,301,4,1082,1,1,0,60,1,20,0,0
9005.511,301,11,1083,2,2,0,60,1,20,0,0
9015.511,302,3,1084,3,3,0,75,2,30,0,0
9025.511,302,5,1085,3,3,0,75,2,30,0,0
9035.511,302,12,1086,4,4,0,75,2,30,0,0
9045.511,303,2,1087,5,5,0,50,0,38,0,0
9055.511,303,7,1089,2,2,0,50,0,38,0,0
9065.511,303,12,1090,1,1,0,50,0,38,0,0
9075.511,303,14,1091,1,1,0,50,0,38,0,0
9085.511,304,5,1093,2,2,0,62.5,1,20,0,0
9095.511,304,11,1094,3,3,0,62.5,1,20,0,0
9105.511,305,3,1095,4,4,0,75,2,30,0,0
9115.511,305,5,1096,4,4,0,75,2,30,0,0
9125.511,305,13,1097,5,5,0,75,2,30,0,0
9135.511,306,3,1098,6,6,0,50,0,40,0,0
9145.511,306,8,1100,2,2,0,50,0,40,0,0
9155.511,306,12,1101,1,1,0,50,0,40,0,0
9165.511,306,16,1102,1,1,0,50,0,40,0,0
9175.511,307,5,1103,1,1,0,50,1,20,0,0
9185.511,307,10,1104,2,2,0,50,1,20,0,0
9195.511,308,2,1105,3,3,0,75,2,30,0,0
9205.511,308,7,1106,3,3,0,75,2,30,0,0
9215.511,308,12,1108,5,5,0,75,2,30,0,0
9225.511,309,2,1109,6,6,0,50,0,42,0,0
9235.511,309,9,1110,1,1,0,50,0,42,0,0
9245.511,309,12,1111,1,1,0,50,0,42,0,0
9255.511,309,15,1112,1,1,0,50,0,42,0,0
9265.511,309,22,1113,1,1,0,50,0,42,0,0
9275.511,310,5,1114,2,2,0,57.69144,1,20,0,0
9285.511,310,11,1115,3,3,0,57.69144,1,20,0,0
9295.511,311,4,1117,4,4,0,50,2,30,0,0
9305.511,311,9,1118,5,5,0,50,2,30,0,0
9315.511,311,15,1119,6,6,0,50,2,30,0,0
9325.511,312,6,1120,1,1,0,66.66666,0,40,0,0
9335.511,312,11,1121,1,1,0,66.66666,0,40,0,0
9345.511,312,14,1123,2,2,0,66.66666,0,40,0,0
9355.511,312,20,1124,1,1,0,66.66666,0,40,0,0
9365.511,313,7,1125,2,2,0,62.5,1,20,0,0
9375.511,313,12,1126,3,3,0,62.5,1,20,0,0
9385.511,314,2,1128,5,5,0,50,2,30,0,0
9395.511,314,10,1129,6,6,0,50,2,30,0,0
9405.511,314,13,1130,7,7,0,50,2,30,0,0
9415.511,315,8,1131,1,1,0,66.66666,0,40,0,0
9425.511,315,11,1132,1,1,0,66.66666,0,40,0,0
9435.511,315,16,1133,1,1,0,66.66666,0,40,0,0
9445.511,315,20,1134,1,1,0,66.66666,0,40,0,0
9455.511,316,6,1135,2,2,0,50,1,20,0,0
9465.511,316,11,1137,4,4,0,50,1,20,0,0
9475.511,317,4,1138,5,5,0,75,2,30,0,0
9485.511,317,9,1139,6,6,0,75,2,30,0,0
9495.511,317,13,1140,7,7,0,75,2,30,0,0
9505.511,318,8,1141,1,1,0,50,0,39,0,0
9515.511,318,13,1142,1,1,0,50,0,39,0,0
9525.511,318,16,1143,1,1,0,50,0,39,0,0
9535.511,318,20,1145,2,2,0,50,0,39,0,0
9545.511,319,8,1146,2,2,0,62.5,1,16,0,0
9555.511,320,1,1147,3,3,0,60.00234,2,30,0,0
9565.511,320,6,1148,4,4,0,60.00234,2,30,0,0
9575.511,320,12,1149,5,5,0,60.00234,2,30,0,0
9585.511,321,1,1150,6,6,0,50,0,40,0,0
9595.511,321,7,1152,2,2,0,50,0,40,0,0
9605.511,321,14,1153,1,1,0,50,0,40,0,0
9615.511,321,17,1154,1,1,0,50,0,40,0,0
9625.511,322,2,1155,1,1,0,62.5,1,20,0,0
9635.511,322,10,1156,2,2,0,62.5,1,20,0,0
9645.511,323,1,1157,3,3,0,50,2,30,0,0
9655.511,323,5,1159,5,5,0,50,2,30,0,0
9665.511,323,12,1160,6,6,0,50,2,30,0,0
9675.511,324,1,1161,7,7,0,66.66666,0,40,0,0
9685.511,324,7,1162,1,1,0,66.66666,0,40,0,0
9695.511,324,13,1163,1,1,0,66.66666,0,40,0,0
9705.511,324,17,1165,2,2,0,66.66666,0,40,0,0
9715.511,325,2,1166,1,1,0,50,1,20,0,0
9725.511,325,8,1167,2,2,0,50,1,20,0,0
9735.511,326,1,1168,3,3,0,50,2,30,0,0
9745.511,326,5,1169,3,3,0,50,2,30,0,0
9755.511,326,13,1170,4,4,0,50,2,30,0,0
9765.511,327,1,1171,5,5,0,66.66666,0,40,0,0
9775.511,327,9,1172,1,1,0,66.66666,0,40,0,0
9785.511,327,14,1174,2,2,0,66.66666,0,40,0,0
9795.511,327,18,1175,1,1,0,66.66666,0,40,0,0
9805.511,328,2,1176,1,1,0,50,1,20,0,0
9815.511,328,7,1177,2,2,0,50,1,20,0,0
9825.511,329,1,1178,3,3,0,75,2,30,0,0
9835.511,329,5,1179,2,2,0,75,2,30,0,0
9845.511,329,11,1181,4,4,0,75,2,30,0,0
9855.511,330,1,1182,5,5,0,50,0,40,0,0
9865.511,330,7,1183,1,1,0,50,0,40,0,0
9875.511,330,11,1185,2,2,0,50,0,40,0,0
9885.511,330,16,1186,1,1,0,50,0,40,0,0
9895.511,331,2,1187,1,1,0,75,1,20,0,0
9905.511,331,8,1188,2,2,0,75,1,20,0,0
9915.511,332,1,1189,3,3,0,50,2,30,0,0
9925.511,332,6,1190,2,2,0,50,2,30,0,0
9935.511,332,12,1191,3,3,0,50,2,30,0,0
9945.511,333,1,1192,4,4,0,50,0,40,0,0
9955.511,333,7,1193,1,1,0,50,0,40,0,0
9965.511,333,10,1195,2,2,0,50,0,40,0,0
9975.511,333,16,1196,1,1,0,50,0,40,0,0
9985.511,334,2,1197,1,1,0,62.5,1,20,0,0
9995.511,334,7,1198,2,2,0,62.5,1,20,0,0
10005.51,335,1,1199,3,3,0,50,2,30,0,0
10015.51,335,7,1200,2,2,0,50,2,30,0,0
10025.51,335,12,1202,4,4,0,50,2,30,0,0
10035.51,336,1,1203,5,5,0,66.66666,0,40,0,0
10045.51,336,8,1204,1,1,0,66.66666,0,40,0,0
10055.51,336,12,1205,1,1,0,66.66666,0,40,0,0
10065.51,336,17,1206,1,1,0,66.66666,0,40,0,0
10075.51,337,2,1207,1,1,0,50,1,20,0,0
10085.51,337,7,1208,2,2,0,50,1,20,0,0
10095.51,338,1,1209,3,3,0,50,2,26,0,0
10105.51,338,7,1211,2,2,0,50,2,26,0,0
10115.51,338,11,1212,3,3,0,50,2,26,0,0
10125.51,339,4,1213,2,2,0,56.24931,0,40,0,0
10135.51,339,9,1214,1,1,0,56.24931,0,40,0,0
10145.51,339,15,1215,1,1,0,56.24931,0,40,0,0
10155.51,339,18,1217,2,2,0,56.24931,0,40,0,0
10165.51,340,3,1218,2,2,0,62.5,1,20,0,0
10175.51,340,7,1219,3,3,0,62.5,1,20,0,0
10185.51,341,3,1221,4,4,0,75,2,30,0,0
10195.51,341,9,1222,5,5,0,75,2,30,0,0
10205.51,341,12,1223,6,6,0,75,2,30,0,0
10215.51,342,2,1224,4,4,0,50,0,40,0,0
10225.51,342,7,1225,1,1,0,50,0,40,0,0
10235.51,342,13,1227,2,2,0,50,0,40,0,0
10245.51,342,17,1228,1,1,0,50,0,40,0,0
10255.51,343,4,1229,2,2,0,62.5,1,20,0,0
10265.51,343,8,1230,3,3,0,62.5,1,20,0,0
10275.51,344,3,1231,4,4,0,50,2,30,0,0
10285.51,344,9,1232,5,5,0,50,2,30,0,0
10295.51,344,12,1234,7,7,0,50,2,30,0,0
10305.51,345,2,1235,6,6,0,66.66666,0,40,0,0
10315.51,345,8,1236,1,1,0,66.66666,0,40,0,0
10325.51,345,13,1237,1,1,0,66.66666,0,40,0,0
10335.51,345,17,1238,1,1,0,66.66666,0,40,0,0
10345.51,346,4,1239,1,1,0,50,1,20,0,0
10355.51,346,8,1241,3,3,0,50,1,20,0,0
10365.51,347,2,1242,3,3,0,75,2,30,0,0
10375.51,347,8,1243,4,4,0,75,2,30,0,0
10385.51,347,12,1244,5,5,0,75,2,30,0,0
10395.51,348,3,1245,3,3,0,50,0,40,0,0
10405.51,348,9,1246,1,1,0,50,0,40,0,0
10415.51,348,14,1247,1,1,0,50,0,40,0,0
10425.51,348,18,1248,1,1,0,50,0,40,0,0
10435.51,349,4,1249,1,1,0,62.5,1,20,0,0
10445.51,349,9,1251,3,3,0,62.5,1,20,0,0
10455.51,350,2,1252,4,4,0,50,2,30,0,0
10465.51,350,8,1253,5,5,0,50,2,30,0,0
10475.51,350,12,1254,6,6,0,50,2,30,0,0
10485.51,351,3,1256,5,5,0,66.66666,0,40,0,0
10495.51,351,9,1257,1,1,0,66.66666,0,40,0,0
10505.51,351,14,1259,2,2,0,66.66666,0,40,0,0
10515.51,351,20,1260,1,1,0,66.66666,0,40,0,0
10525.51,352,3,1261,2,2,0,62.5,1,20,0,0
10535.51,352,9,1262,3,3,0,62.5,1,20,0,0
10545.51,353,3,1263,4,4,0,50,2,30,0,0
10555.51,353,9,1264,5,5,0,50,2,30,0,0
10565.51,353,12,1266,7,7,0,50,2,30,0,0
10575.51,354,5,1267,5,5,0,66.66666,0,40,0,0
10585.51,354,9,1268,1,1,0,66.66666,0,40,0,0
10595.51,354,15,1269,1,1,0,66.66666,0,40,0,0
10605.51,354,20,1271,2,2,0,66.66666,0,40,0,0
10615.51,355,2,1272,2,2,0,62.5,1,20,0,0
10625.51,355,8,1273,3,3,0,62.5,1,20,0,0
10635.51,356,3,1274,2,2,0,50,2,30,0,0
10645.51,356,10,1276,4,4,0,50,2,30,0,0
10655.51,356,13,1277,5,5,0,50,2,30,0,0
10665.51,357,5,1278,2,2,0,66.66666,0,40,0,0
10675.51,357,9,1279,1,1,0,66.66666,0,40,0,0
10685.51,357,14,1280,1,1,0,66.66666,0,40,0,0
10695.51,357,20,1282,2,2,0,66.66666,0,40,0,0
10705.51,358,3,1283,2,2,0,62.5,1,20,0,0
10715.51,358,8,1284,3,3,0,62.5,1,20,0,0
10725.51,359,4,1285,4,4,0,75,2,30,0,0
10735.51,359,10,1287,6,6,0,75,2,30,0,0
10745.51,359,14,1288,7,7,0,75,2,30,0,0
10755.51,360,4,1289,6,6,0,50,0,44,0,0
10765.51,360,9,1290,1,1,0,50,0,44,0,0
10775.51,360,15,1291,1,1,0,50,0,44,0,0
10785.51,360,20,1292,1,1,0,50,0,44,0,0
10795.51,360,24,1293,1,1,0,50,0,44,0,0
10805.51,361,7,1295,2,2,0,53.57106,1,20,0,0
10815.51,361,11,1296,3,3,0,53.57106,1,20,0,0
10825.51,362,6,1297,3,3,0,75,2,30,0,0
10835.51,362,10,1299,5,5,0,75,2,30,0,0
10845.51,362,16,1300,6,6,0,75,2,30,0,0
10855.51,363,4,1301,1,1,0,66.66666,0,40,0,0
10865.51,363,11,1302,1,1,0,66.66666,0,40,0,0
10875.51,363,15,1303,1,1,0,66.66666,0,40,0,0
10885.51,363,19,1304,1,1,0,66.66666,0,40,0,0
10895.51,364,5,1305,1,1,0,50,1,20,0,0
10905.51,364,9,1307,3,3,0,50,1,20,0,0
10915.51,365,4,1308,4,4,0,75,2,23,0,0
10925.51,365,9,1309,5,5,0,75,2,23,0,0
10935.51,366,6,1310,3,3,0,42.85774,0,37,0,0
10945.51,366,10,1311,1,1,0,42.85774,0,37,0,0
10955.51,366,16,1312,1,1,0,42.85774,0,37,0,0
10965.51,366,21,1313,1,1,0,42.85774,0,37,0,0
10975.51,367,4,1314,1,1,0,62.5,1,20,0,0
10985.51,367,11,1316,3,3,0,62.5,1,20,0,0
10995.51,368,3,1317,3,3,0,50,2,30,0,0
