Step,Episode,TotalVehicles,VehiclesWaiting,SimulationTime
1,1,1,1,1.014025
2,1,1,1,2.018714
3,1,1,1,3.021067
4,1,1,1,4.031946
5,1,1,1,5.04178
6,1,1,1,6.089295
7,1,2,2,7.159193
8,1,2,2,8.220265
9,1,2,2,9.245573
10,1,2,2,10.24738
11,1,2,2,11.26345
12,1,2,2,12.26767
13,1,2,2,13.44885
14,1,3,3,14.66045
15,1,3,3,16.02205
16,1,3,3,17.20976
17,1,3,3,18.6728
18,1,3,3,19.69908
19,1,3,3,20.84221
20,1,4,4,21.90969
21,1,4,4,23.00441
22,1,4,4,24.11822
23,1,4,4,25.32173
24,1,4,4,26.76898
25,1,4,4,27.78963
26,1,4,4,29.27388
27,1,4,4,30.59664
28,1,5,5,31.60168
29,1,5,5,32.97661
30,1,5,5,34.04486
31,2,5,5,35.42294
32,2,5,5,37.0197
33,2,6,6,39.15063
34,2,6,6,40.26386
35,2,6,6,41.28177
36,2,6,6,43.37792
37,2,7,7,44.52272
38,2,7,7,45.73569
39,2,7,7,47.0741
40,2,7,7,48.84128
41,2,7,7,50.91103
42,2,7,7,53.24384
43,2,7,6,56.04203
44,2,8,3,59.04203
45,2,8,1,62.04203
46,2,8,1,65.04204
47,2,9,1,68.04204
48,2,9,1,71.08818
49,2,10,2,74.22205
50,2,10,1,77.55538
51,2,11,2,80.57155
52,2,11,1,83.6802
53,2,11,1,87.01353
54,2,12,2,90.34686
55,2,12,2,93.6802
56,2,12,2,97.01353
57,2,13,3,100.3469
58,2,13,3,103.6802
59,2,14,4,107.0135
60,2,14,4,110.2585
61,3,14,4,113.2626
62,3,14,4,116.5959
63,3,15,5,119.9292
64,3,15,5,123.2626
65,3,15,5,126.5959
66,3,16,6,129.9292
67,3,16,6,133.2626
68,3,17,7,136.5959
69,3,17,7,139.9292
70,3,17,7,143.2626
71,3,18,8,146.5959
72,3,18,8,149.9292
73,3,18,5,153.2626
74,3,19,2,156.5959
75,3,19,1,159.9292
76,3,19,1,163.2626
77,3,20,1,166.5959
78,3,20,1,169.6132
79,3,20,1,172.2733
80,3,21,1,174.9596
81,3,21,1,177.9208
82,3,21,1,181.2542
83,3,21,1,184.5875
84,3,22,2,187.9208
85,3,22,2,191.2542
86,3,23,3,194.5875
87,3,23,3,197.8069
88,3,24,4,200.8713
89,3,24,4,204.2046
90,3,25,5,207.5087
91,4,25,5,210.8421
92,4,25,5,214.1754
93,4,26,6,217.5088
94,4,26,6,220.8421
95,4,27,7,224.1754
96,4,27,7,227.5088
97,4,28,8,230.8421
98,4,28,8,234.1754
99,4,29,9,237.5088
100,4,29,9,240.8421
101,4,30,10,244.1754
102,4,30,8,247.5088
103,4,31,5,250.8421
104,4,31,2,254.1754
105,4,31,1,257.5088
106,4,32,1,260.8421
107,4,32,1,264.1754
108,4,32,1,267.5088
109,4,33,1,270.8421
110,4,33,1,274.1754
111,4,34,2,277.5088
112,4,34,2,280.8421
113,4,34,2,284.1754
114,4,35,3,287.5088
115,4,35,3,290.8421
116,4,35,3,294.1754
117,4,36,4,297.5088
118,4,36,4,300.8421
119,4,37,5,304.1754
120,4,37,1,307.5088
121,5,37,1,310.8421
122,5,38,2,314.1754
123,5,38,2,317.5088
124,5,38,2,320.8421
125,5,39,3,324.1754
126,5,39,3,327.5088
127,5,39,3,330.8421
128,5,40,4,334.1754
129,5,40,2,337.5088
130,5,40,1,340.8421
131,5,41,1,344.1754
132,5,41,1,347.5088
133,5,41,1,350.8421
134,5,42,1,353.8813
135,5,42,1,357.0284
136,5,42,1,360.3617
137,5,42,0,363.6425
138,5,43,1,366.9758
139,5,43,1,370.3091
140,5,44,2,373.6425
141,5,44,2,376.9758
142,5,45,3,380.3091
143,5,45,3,383.6425
144,5,45,3,386.9758
145,5,46,4,390.3091
146,5,46,4,393.6425
147,5,46,4,396.9758
148,5,47,4,400.3091
149,5,47,4,403.6425
150,5,47,4,406.9758
151,6,48,5,410.3091
152,6,48,5,413.6425
153,6,48,5,416.9758
154,6,49,6,420.3091
155,6,49,6,423.6425
156,6,49,6,426.9758
157,6,50,5,430.3091
158,6,50,1,433.6425
159,6,51,2,436.9758
160,6,51,1,440.3091
161,6,52,2,443.6425
162,6,52,1,446.9758
163,6,52,1,450.0079
164,6,53,1,453.049
165,6,53,1,456.3823
166,6,53,1,459.7156
167,6,54,2,463.049
168,6,54,2,466.3823
169,6,55,3,469.7157
170,6,55,3,473.049
171,6,56,4,476.3823
172,6,56,4,479.7157
173,6,57,5,483.049
174,6,57,5,486.3823
175,6,57,5,489.7157
176,6,58,5,493.049
177,6,58,5,496.3823
178,6,58,5,499.7157
179,6,59,6,503.049
180,6,59,6,506.3823
181,7,59,6,509.7157
182,7,60,7,513.049
183,7,60,7,516.3823
184,7,60,7,519.7156
185,7,61,6,523.049
186,7,61,3,526.3823
187,7,62,2,529.7156
188,7,62,1,533.049
189,7,63,2,536.3823
190,7,63,1,539.7156
191,7,63,1,543.049
192,7,64,1,546.3823
193,7,64,1,549.7156
194,7,64,1,553.049
195,7,65,2,556.3823
196,7,65,2,559.7156
197,7,65,2,563.049
198,7,66,3,566.3823
199,7,66,3,569.7156
200,7,66,3,573.049
201,7,67,4,576.3823
202,7,67,4,579.7156
203,7,68,4,583.049
204,7,68,4,586.3823
205,7,69,5,589.7156
206,7,69,5,593.049
207,7,70,6,596.3823
208,7,70,6,599.7156
209,7,71,7,603.049
210,7,71,7,606.3823
211,8,71,7,609.7156
212,8,72,5,613.049
213,8,72,2,616.3823
214,8,73,2,619.7156
215,8,73,1,623.049
216,8,74,2,626.3823
217,8,74,1,629.7156
218,8,75,2,633.049
219,8,75,1,636.3823
220,8,75,1,639.7156
221,8,76,2,643.049
222,8,76,2,646.3823
223,8,76,2,649.7156
224,8,77,3,653.049
225,8,77,3,656.3823
226,8,78,4,659.7156
227,8,78,4,663.049
228,8,79,5,666.3823
229,8,79,5,669.7156
230,8,80,5,673.049
231,8,80,5,676.3823
232,8,81,6,679.7156
233,8,81,6,683.049
234,8,81,6,686.3823
235,8,82,7,689.7156
236,8,82,7,693.049
237,8,82,7,696.3823
238,8,83,8,699.7156
239,8,83,6,703.049
240,8,84,3,706.3823
241,9,84,1,709.7156
242,9,84,1,713.049
243,9,85,1,716.3823
244,9,85,1,719.7156
245,9,86,2,723.049
246,9,86,1,726.3823
247,9,87,2,729.7156
248,9,87,2,733.049
249,9,88,3,736.3823
250,9,88,3,739.7156
251,9,89,4,743.049
252,9,89,4,746.3823
253,9,89,4,749.7156
254,9,90,5,753.049
255,9,90,5,756.3823
256,9,90,5,759.7156
257,9,91,6,763.049
258,9,91,6,766.3823
259,9,91,6,769.7156
260,9,92,7,773.049
261,9,92,7,776.3823
262,9,92,7,779.7156
263,9,93,8,783.049
264,9,93,8,786.3823
265,9,93,8,789.7157
266,9,94,6,793.049
267,9,94,2,796.3823
268,9,95,2,799.7157
269,9,95,1,803.049
270,9,96,2,806.3823
271,10,96,1,809.7157
272,10,96,1,813.049
273,10,97,1,816.3823
274,10,97,1,819.7157
275,10,97,1,823.049
276,10,98,2,826.3823
277,10,98,2,829.7157
278,10,99,3,833.049
279,10,99,3,836.3823
280,10,100,4,839.7157
281,10,100,4,843.049
282,10,101,5,846.3823
283,10,101,5,849.7157
284,10,101,5,853.049
285,10,102,6,856.3823
286,10,102,6,859.7157
287,10,103,7,863.049
288,10,103,7,866.3823
289,10,104,8,869.7157
290,10,104,8,873.049
291,10,104,8,876.3823
292,10,105,9,879.7157
293,10,105,6,883.049
294,10,106,3,886.3823
295,10,106,1,889.7157
296,10,107,2,893.049
297,10,107,1,896.3823
298,10,107,1,899.7157
299,10,108,1,903.049
300,10,108,1,906.3823
301,11,109,2,909.7157
302,11,109,2,913.049
303,11,109,2,916.3823
304,11,110,3,919.7157
305,11,110,3,923.049
306,11,110,3,926.3823
307,11,111,4,929.7157
308,11,111,4,933.049
309,11,112,5,936.3823
310,11,112,5,939.7157
311,11,113,6,943.049
312,11,113,6,946.3823
313,11,113,6,949.7157
314,11,114,7,953.049
315,11,114,7,956.3823
316,11,114,7,959.7157
317,11,115,8,963.049
318,11,115,8,966.3823
319,11,116,9,969.7157
320,11,116,6,973.049
321,11,117,3,976.3823
322,11,117,1,979.7157
323,11,118,2,983.049
324,11,118,1,986.3823
325,11,119,2,989.7157
326,11,119,1,993.049
327,11,119,1,996.3823
328,11,120,1,999.7157
329,11,120,1,1003.049
330,11,120,1,1006.382
331,12,121,2,1009.716
332,12,121,2,1013.049
333,12,121,2,1016.382
334,12,122,3,1019.716
335,12,122,3,1023.049
336,12,122,3,1026.382
337,12,123,4,1029.716
338,12,123,2,1033.049
339,12,124,3,1036.382
340,12,124,3,1039.716
341,12,125,4,1043.049
342,12,125,4,1046.382
343,12,125,4,1049.716
344,12,126,5,1053.049
345,12,126,5,1056.382
346,12,126,5,1059.716
347,12,127,3,1063.049
348,12,127,1,1066.382
349,12,127,1,1069.716
350,12,128,1,1073.049
351,12,128,1,1076.382
352,12,128,1,1079.716
353,12,129,1,1083.049
354,12,129,1,1086.382
355,12,129,1,1089.716
356,12,130,2,1093.049
357,12,130,2,1096.382
358,12,131,3,1099.716
359,12,131,3,1103.049
360,12,132,4,1106.382
361,13,132,4,1109.716
362,13,133,5,1113.049
363,13,133,5,1116.382
364,13,134,6,1119.716
365,13,134,5,1123.049
366,13,135,6,1126.382
367,13,135,6,1129.716
368,13,135,6,1133.049
369,13,136,7,1136.382
370,13,136,7,1139.716
371,13,136,7,1143.049
372,13,137,8,1146.382
373,13,137,8,1149.716
374,13,137,5,1153.049
375,13,138,3,1156.382
376,13,138,1,1159.716
377,13,139,2,1163.049
378,13,139,1,1166.382
379,13,139,1,1169.716
380,13,140,1,1173.049
381,13,140,1,1176.382
382,13,141,2,1179.716
383,13,141,2,1183.049
384,13,141,2,1186.382
385,13,142,3,1189.716
386,13,142,3,1193.049
387,13,142,3,1196.382
388,13,143,4,1199.716
389,13,143,4,1203.049
390,13,143,4,1206.382
391,14,144,5,1209.716
392,14,144,5,1213.049
393,14,145,6,1216.382
394,14,145,6,1219.716
395,14,146,7,1223.049
396,14,146,7,1226.382
397,14,147,8,1229.716
398,14,147,8,1233.049
399,14,148,9,1236.382
400,14,148,9,1239.716
401,14,148,5,1243.049
402,14,149,3,1246.382
403,14,149,1,1249.716
404,14,150,2,1253.049
405,14,150,1,1256.382
406,14,150,1,1259.716
407,14,151,1,1263.049
408,14,151,1,1266.382
409,14,151,1,1269.716
410,14,152,2,1273.049
411,14,152,2,1276.382
412,14,152,2,1279.716
413,14,153,3,1283.049
414,14,153,3,1286.382
415,14,154,4,1289.716
416,14,154,4,1293.049
417,14,154,4,1296.382
418,14,155,5,1299.716
419,14,155,5,1303.049
420,14,156,6,1306.382
421,15,156,6,1309.716
422,15,156,6,1313.049
423,15,157,7,1316.382
424,15,157,7,1319.716
425,15,157,7,1323.049
426,15,158,8,1326.382
427,15,158,8,1329.716
428,15,159,5,1333.049
429,15,159,2,1336.382
430,15,159,1,1339.716
431,15,160,1,1343.049
432,15,160,1,1346.382
433,15,160,1,1349.716
434,15,161,1,1353.049
435,15,161,1,1356.382
436,15,161,1,1359.716
437,15,162,2,1363.049
438,15,162,2,1366.382
439,15,163,3,1369.716
440,15,163,3,1373.049
441,15,163,3,1376.382
442,15,164,4,1379.716
443,15,164,4,1383.049
444,15,165,5,1386.382
445,15,165,5,1389.716
446,15,166,6,1393.049
447,15,166,6,1396.382
448,15,167,7,1399.716
449,15,167,7,1403.049
450,15,168,8,1406.382
451,16,168,8,1409.716
452,16,169,9,1413.049
453,16,169,9,1416.382
454,16,170,10,1419.716
455,16,170,8,1423.049
456,16,170,5,1426.382
457,16,171,2,1429.716
458,16,171,1,1433.049
459,16,171,1,1436.382
460,16,172,1,1439.716
461,16,172,1,1443.049
462,16,172,1,1446.382
463,16,173,1,1449.716
464,16,173,1,1453.049
465,16,174,2,1456.382
466,16,174,2,1459.716
467,16,174,2,1463.049
468,16,175,3,1466.382
469,16,175,3,1469.716
470,16,175,3,1473.049
471,16,176,4,1476.382
472,16,176,4,1479.716
473,16,176,4,1483.049
474,16,177,5,1486.382
475,16,177,5,1489.716
476,16,178,6,1493.049
477,16,178,6,1496.382
478,16,179,7,1499.716
479,16,179,7,1503.049
480,16,180,8,1506.382
481,17,180,8,1509.716
482,17,181,7,1513.049
483,17,181,4,1516.382
484,17,182,2,1519.716
485,17,182,1,1523.049
486,17,182,1,1526.382
487,17,183,1,1529.716
488,17,183,1,1533.049
489,17,184,2,1536.382
490,17,184,1,1539.716
491,17,185,2,1543.049
492,17,185,2,1546.382
493,17,186,3,1549.716
494,17,186,3,1553.049
495,17,186,3,1556.382
496,17,187,4,1559.716
497,17,187,4,1563.049
498,17,188,5,1566.382
499,17,188,5,1569.716
500,17,189,5,1573.049
501,17,189,5,1576.382
502,17,190,6,1579.716
503,17,190,6,1583.049
504,17,191,7,1586.382
505,17,191,7,1589.716
506,17,192,8,1593.049
507,17,192,8,1596.382
508,17,192,8,1599.716
509,17,193,6,1603.049
510,17,193,3,1606.382
511,18,194,2,1609.716
512,18,194,1,1613.049
513,18,195,2,1616.382
514,18,195,1,1619.716
515,18,195,1,1623.049
516,18,196,1,1626.382
517,18,196,1,1629.716
518,18,196,1,1633.049
519,18,197,2,1636.382
520,18,197,2,1639.716
521,18,197,2,1643.049
522,18,198,3,1646.382
523,18,198,3,1649.716
524,18,199,4,1653.049
525,18,199,4,1656.382
526,18,199,4,1659.716
527,18,200,4,1663.049
528,18,200,4,1666.382
529,18,201,5,1669.716
530,18,201,5,1673.049
531,18,202,6,1676.382
532,18,202,6,1679.716
533,18,203,7,1683.049
534,18,203,7,1686.382
535,18,203,7,1689.716
536,18,204,5,1693.049
537,18,204,2,1696.382
538,18,205,2,1699.716
539,18,205,1,1703.049
540,18,206,2,1706.382
541,19,206,1,1709.716
542,19,206,1,1713.049
543,19,207,1,1716.382
544,19,207,1,1719.716
545,19,207,1,1723.049
546,19,208,2,1726.382
547,19,208,2,1729.716
548,19,208,2,1733.049
549,19,209,3,1736.382
550,19,209,3,1739.716
551,19,209,3,1743.049
552,19,210,4,1746.382
553,19,210,4,1749.716
554,19,210,4,1753.049
555,19,211,5,1756.382
556,19,211,5,1759.716
557,19,211,5,1763.049
558,19,212,6,1766.382
559,19,212,6,1769.716
560,19,212,6,1773.049
561,19,213,7,1776.382
562,19,213,7,1779.716
563,19,214,6,1783.049
564,19,214,2,1786.382
565,19,214,1,1789.716
566,19,215,1,1793.049
567,19,215,1,1796.382
568,19,216,2,1799.716
569,19,216,1,1803.049
570,19,217,2,1806.382
571,20,217,1,1809.716
572,20,217,1,1813.049
573,20,218,2,1816.382
574,20,218,2,1819.716
575,20,218,2,1823.049
576,20,219,3,1826.382
577,20,219,3,1829.716
578,20,220,4,1833.049
579,20,220,4,1836.382
580,20,220,4,1839.716
581,20,221,4,1843.049
582,20,221,4,1846.382
583,20,221,4,1849.716
584,20,222,5,1853.049
585,20,222,5,1856.382
586,20,223,6,1859.716
587,20,223,6,1863.049
588,20,223,6,1866.382
589,20,224,7,1869.716
590,20,224,4,1873.049
591,20,224,2,1876.382
592,20,225,1,1879.716
593,20,225,1,1883.049
594,20,226,2,1886.382
595,20,226,1,1889.716
596,20,226,1,1893.049
597,20,227,1,1896.382
598,20,227,1,1899.716
599,20,228,2,1903.049
600,20,228,2,1906.382
601,21,228,2,1909.716
602,21,229,3,1913.049
603,21,229,3,1916.382
604,21,229,3,1919.716
605,21,230,4,1923.049
606,21,230,4,1926.382
607,21,231,5,1929.716
608,21,231,5,1933.049
609,21,231,5,1936.382
610,21,232,6,1939.716
611,21,232,6,1943.049
612,21,233,7,1946.382
613,21,233,7,1949.716
614,21,233,7,1953.049
615,21,234,8,1956.382
616,21,234,8,1959.716
617,21,235,6,1963.049
618,21,235,3,1966.382
619,21,236,2,1969.716
620,21,236,1,1973.049
621,21,237,2,1976.382
622,21,237,1,1979.716
623,21,237,1,1983.049
624,21,238,1,1986.382
625,21,238,1,1989.716
626,21,239,2,1993.049
627,21,239,2,1996.382
628,21,240,3,1999.716
629,21,240,3,2003.049
630,21,240,3,2006.382
631,22,241,4,2009.716
632,22,241,4,2013.049
633,22,242,5,2016.382
634,22,242,5,2019.716
635,22,242,3,2023.049
636,22,243,4,2026.382
637,22,243,4,2029.716
638,22,243,4,2033.049
639,22,244,5,2036.382
640,22,244,5,2039.716
641,22,245,6,2043.049
642,22,245,6,2046.382
643,22,246,7,2049.716
644,22,246,4,2053.049
645,22,246,1,2056.382
646,22,247,1,2059.716
647,22,247,1,2063.049
648,22,247,1,2066.382
649,22,248,1,2069.716
650,22,248,1,2073.049
651,22,249,2,2076.382
652,22,249,1,2079.716
653,22,249,1,2083.049
654,22,250,2,2086.382
655,22,250,2,2089.716
656,22,250,2,2093.049
657,22,251,3,2096.382
658,22,251,3,2099.716
659,22,251,3,2103.049
660,22,252,4,2106.382
661,23,252,4,2109.716
662,23,253,4,2113.049
663,23,253,4,2116.382
664,23,253,4,2119.716
665,23,254,5,2123.049
666,23,254,5,2126.382
667,23,254,5,2129.716
668,23,255,6,2133.049
669,23,255,6,2136.382
670,23,256,7,2139.716
671,23,256,4,2143.049
672,23,256,1,2146.382
673,23,257,1,2149.716
674,23,257,1,2153.049
675,23,257,1,2156.382
676,23,258,1,2159.716
677,23,258,1,2163.049
678,23,258,1,2166.382
679,23,259,1,2169.716
680,23,259,1,2173.049
681,23,260,2,2176.382
682,23,260,2,2179.716
683,23,261,3,2183.049
684,23,261,3,2186.382
685,23,262,4,2189.716
686,23,262,4,2193.049
687,23,263,5,2196.382
688,23,263,5,2199.716
689,23,264,6,2203.049
690,23,264,6,2206.382
691,24,265,7,2209.716
692,24,265,7,2213.049
693,24,265,7,2216.382
694,24,266,8,2219.716
695,24,266,8,2223.049
696,24,266,8,2226.382
697,24,267,9,2229.716
698,24,267,6,2233.049
699,24,268,3,2236.382
700,24,268,1,2239.716
701,24,268,1,2243.049
702,24,269,1,2246.382
703,24,269,1,2249.716
704,24,270,2,2253.049
705,24,270,1,2256.382
706,24,270,1,2259.716
707,24,271,2,2263.049
708,24,271,2,2266.382
709,24,272,3,2269.716
710,24,272,3,2273.049
711,24,272,3,2276.382
712,24,273,4,2279.716
713,24,273,4,2283.049
714,24,274,5,2286.382
715,24,274,5,2289.716
716,24,275,2,2293.049
717,24,275,2,2296.382
718,24,276,3,2299.716
719,24,276,3,2303.049
720,24,277,4,2306.382
721,25,277,4,2309.716
722,25,277,4,2313.049
723,25,278,5,2316.382
724,25,278,5,2319.716
725,25,278,2,2323.049
726,25,279,1,2326.382
727,25,279,1,2329.716
728,25,279,1,2333.049
729,25,280,1,2336.382
730,25,280,1,2339.716
731,25,280,1,2343.049
732,25,281,1,2346.382
733,25,281,1,2349.716
734,25,281,1,2353.049
735,25,282,2,2356.382
736,25,282,2,2359.716
737,25,283,3,2363.049
738,25,283,3,2366.382
739,25,283,3,2369.716
740,25,284,4,2373.049
741,25,284,4,2376.382
742,25,284,4,2379.716
743,25,285,5,2383.049
744,25,285,5,2386.382
745,25,286,6,2389.716
746,25,286,6,2393.049
747,25,287,7,2396.382
748,25,287,7,2399.716
749,25,287,7,2403.049
750,25,288,8,2406.382
751,26,288,8,2409.716
752,26,288,4,2413.049
753,26,289,2,2416.382
754,26,289,1,2419.716
755,26,289,1,2423.049
756,26,290,1,2426.382
757,26,290,1,2429.716
758,26,290,1,2433.049
759,26,291,1,2436.382
760,26,291,1,2439.716
761,26,292,2,2443.049
762,26,292,2,2446.382
763,26,292,2,2449.716
764,26,293,3,2453.049
765,26,293,3,2456.382
766,26,293,3,2459.716
767,26,294,4,2463.049
768,26,294,4,2466.382
769,26,294,4,2469.716
770,26,295,4,2473.049
771,26,295,4,2476.382
772,26,296,5,2479.716
773,26,296,5,2483.049
774,26,297,6,2486.382
775,26,297,6,2489.716
776,26,297,6,2493.049
777,26,298,7,2496.382
778,26,298,7,2499.716
779,26,298,5,2503.049
780,26,299,3,2506.382
781,27,299,1,2509.716
782,27,299,1,2513.049
783,27,300,1,2516.382
784,27,300,1,2519.716
785,27,301,2,2523.049
786,27,301,1,2526.382
787,27,302,2,2529.716
788,27,302,2,2533.049
789,27,302,2,2536.382
790,27,303,3,2539.716
791,27,303,3,2543.049
792,27,303,3,2546.382
793,27,304,4,2549.716
794,27,304,4,2553.049
795,27,305,5,2556.382
796,27,305,5,2559.716
797,27,305,5,2563.049
798,27,306,6,2566.382
799,27,306,6,2569.716
800,27,306,6,2573.049
801,27,307,7,2576.382
802,27,307,7,2579.716
803,27,307,7,2583.049
804,27,308,8,2586.382
805,27,308,8,2589.716
806,27,308,5,2593.049
807,27,309,3,2596.382
808,27,309,1,2599.716
809,27,309,1,2603.049
810,27,310,1,2606.382
811,28,310,1,2609.716
812,28,311,2,2613.049
813,28,311,1,2616.382
814,28,311,1,2619.716
815,28,312,2,2623.049
816,28,312,2,2626.382
817,28,313,3,2629.716
818,28,313,3,2633.049
819,28,314,4,2636.382
820,28,314,4,2639.716
821,28,315,5,2643.049
822,28,315,5,2646.382
823,28,316,6,2649.716
824,28,316,6,2653.049
825,28,317,7,2656.382
826,28,317,7,2659.716
827,28,317,7,2663.049
828,28,318,8,2666.382
829,28,318,8,2669.716
830,28,318,8,2673.049
831,28,319,9,2676.382
832,28,319,9,2679.716
833,28,320,6,2683.049
834,28,320,3,2686.382
835,28,320,1,2689.716
836,28,321,1,2693.049
837,28,321,1,2696.382
838,28,322,2,2699.716
839,28,322,1,2703.049
840,28,322,1,2706.382
841,29,323,1,2709.716
842,29,323,1,2713.049
843,29,323,1,2716.382
844,29,324,2,2719.716
845,29,324,2,2723.049
846,29,325,3,2726.382
847,29,325,3,2729.716
848,29,326,4,2733.049
849,29,326,4,2736.382
850,29,327,5,2739.716
851,29,327,4,2743.049
852,29,327,4,2746.382
853,29,328,5,2749.716
854,29,328,5,2753.049
855,29,328,5,2756.382
856,29,329,6,2759.716
857,29,329,6,2763.049
858,29,329,6,2766.382
859,29,330,7,2769.716
860,29,330,3,2773.049
861,29,331,2,2776.382
862,29,331,1,2779.716
863,29,332,2,2783.049
864,29,332,1,2786.382
865,29,333,2,2789.716
866,29,333,1,2793.049
867,29,334,2,2796.382
868,29,334,1,2799.716
869,29,334,1,2803.049
870,29,335,2,2806.382
871,30,335,2,2809.716
872,30,335,2,2813.049
873,30,336,3,2816.382
874,30,336,3,2819.716
875,30,337,4,2823.049
876,30,337,4,2826.382
877,30,337,4,2829.716
878,30,338,4,2833.049
879,30,338,4,2836.382
880,30,338,4,2839.716
881,30,339,5,2843.049
882,30,339,5,2846.382
883,30,340,6,2849.716
884,30,340,6,2853.049
885,30,341,7,2856.382
886,30,341,7,2859.716
887,30,342,5,2863.049
888,30,342,1,2866.382
889,30,342,1,2869.716
890,30,343,1,2873.049
891,30,343,1,2876.382
892,30,344,2,2879.716
893,30,344,1,2883.049
894,30,345,2,2886.382
895,30,345,1,2889.716
896,30,346,2,2893.049
897,30,346,2,2896.382
898,30,346,2,2899.716
899,30,347,3,2903.049
900,30,347,3,2906.382
901,31,347,3,2909.716
902,31,348,4,2913.049
903,31,348,4,2916.382
904,31,348,4,2919.716
905,31,349,4,2923.049
906,31,349,4,2926.382
907,31,349,4,2929.716
908,31,350,5,2933.049
909,31,350,5,2936.382
910,31,350,5,2939.716
911,31,351,6,2943.049
912,31,351,6,2946.382
913,31,351,6,2949.716
914,31,352,3,2953.049
915,31,352,1,2956.382
916,31,352,1,2959.716
917,31,353,1,2963.049
918,31,353,1,2966.382
919,31,353,1,2969.716
920,31,354,1,2973.049
921,31,354,1,2976.382
922,31,354,1,2979.716
923,31,355,2,2983.049
924,31,355,2,2986.382
925,31,355,2,2989.716
926,31,356,3,2993.049
927,31,356,3,2996.382
928,31,357,4,2999.716
929,31,357,4,3003.049
930,31,357,4,3006.382
931,32,358,5,3009.716
932,32,358,5,3013.049
933,32,358,5,3016.382
934,32,359,6,3019.716
935,32,359,6,3023.049
936,32,360,7,3026.382
937,32,360,7,3029.716
938,32,361,8,3033.049
939,32,361,8,3036.382
940,32,362,9,3039.716
941,32,362,6,3043.049
942,32,363,3,3046.382
943,32,363,1,3049.716
944,32,363,1,3053.049
945,32,364,1,3056.382
946,32,364,1,3059.716
947,32,364,1,3063.049
948,32,365,1,3066.382
949,32,365,1,3069.716
950,32,365,1,3073.049
951,32,366,2,3076.382
952,32,366,2,3079.716
953,32,367,3,3083.049
954,32,367,3,3086.382
955,32,368,4,3089.716
956,32,368,4,3093.049
957,32,368,4,3096.382
958,32,369,5,3099.716
959,32,369,2,3103.049
960,32,370,3,3106.382
961,33,370,3,3109.716
962,33,371,4,3113.049
963,33,371,4,3116.382
964,33,372,5,3119.716
965,33,372,5,3123.049
966,33,373,6,3126.382
967,33,373,6,3129.716
968,33,373,3,3133.049
969,33,374,1,3136.382
970,33,374,1,3139.716
971,33,374,1,3143.049
972,33,375,1,3146.382
973,33,375,1,3149.716
974,33,375,1,3153.049
975,33,376,1,3156.382
976,33,376,1,3159.716
977,33,376,1,3163.049
978,33,377,2,3166.382
979,33,377,2,3169.716
980,33,377,2,3173.049
981,33,378,3,3176.382
982,33,378,3,3179.716
983,33,378,3,3183.049
984,33,379,4,3186.383
985,33,379,4,3189.716
986,33,379,3,3193.049
987,33,380,4,3196.383
988,33,380,4,3199.716
989,33,381,5,3203.049
990,33,381,5,3206.383
991,34,381,5,3209.716
992,34,382,6,3213.049
993,34,382,6,3216.383
994,34,382,6,3219.716
995,34,383,4,3223.049
996,34,383,1,3226.383
997,34,383,1,3229.716
998,34,384,1,3233.049
999,34,384,1,3236.383
1000,34,385,2,3239.716
1001,34,385,1,3243.049
1002,34,385,1,3246.383
1003,34,386,1,3249.716
1004,34,386,1,3253.049
1005,34,386,1,3256.383
1006,34,387,2,3259.716
1007,34,387,2,3263.049
1008,34,388,3,3266.383
1009,34,388,3,3269.716
1010,34,388,3,3273.049
1011,34,389,4,3276.383
1012,34,389,4,3279.716
1013,34,389,3,3283.049
1014,34,390,4,3286.383
1015,34,390,4,3289.716
1016,34,391,5,3293.049
1017,34,391,5,3296.383
1018,34,392,6,3299.716
1019,34,392,6,3303.049
1020,34,392,6,3306.383
1021,35,393,7,3309.716
1022,35,393,3,3313.049
1023,35,394,2,3316.383
1024,35,394,1,3319.716
1025,35,394,1,3323.049
1026,35,395,1,3326.383
1027,35,395,1,3329.716
1028,35,396,2,3333.049
1029,35,396,1,3336.383
1030,35,397,2,3339.716
1031,35,397,2,3343.049
1032,35,398,3,3346.383
1033,35,398,3,3349.716
1034,35,399,4,3353.049
1035,35,399,4,3356.383
1036,35,400,5,3359.716
1037,35,400,5,3363.049
1038,35,401,6,3366.383
1039,35,401,6,3369.716
1040,35,401,5,3373.049
1041,35,402,6,3376.383
1042,35,402,6,3379.716
1043,35,402,6,3383.049
1044,35,403,7,3386.383
1045,35,403,7,3389.716
1046,35,403,7,3393.049
1047,35,404,8,3396.383
1048,35,404,8,3399.716
1049,35,404,5,3403.049
1050,35,405,2,3406.383
1051,36,405,1,3409.716
1052,36,405,1,3413.049
1053,36,406,1,3416.383
1054,36,406,1,3419.716
1055,36,407,2,3423.049
1056,36,407,1,3426.383
1057,36,408,2,3429.716
1058,36,408,2,3433.049
1059,36,409,3,3436.383
1060,36,409,3,3439.716
1061,36,409,3,3443.049
1062,36,410,4,3446.383
1063,36,410,4,3449.716
1064,36,411,5,3453.049
1065,36,411,5,3456.383
1066,36,411,5,3459.716
1067,36,412,3,3463.049
1068,36,412,3,3466.383
1069,36,413,4,3469.716
1070,36,413,4,3473.049
1071,36,414,5,3476.383
1072,36,414,5,3479.716
1073,36,414,5,3483.049
1074,36,415,6,3486.383
1075,36,415,6,3489.716
1076,36,416,4,3493.049
1077,36,416,1,3496.383
1078,36,417,2,3499.716
1079,36,417,1,3503.049
1080,36,417,1,3506.383
1081,37,418,1,3509.716
1082,37,418,1,3513.049
1083,37,418,1,3516.383
1084,37,419,1,3519.716
1085,37,419,1,3523.049
1086,37,420,2,3526.383
1087,37,420,2,3529.716
1088,37,421,3,3533.049
1089,37,421,3,3536.383
1090,37,421,3,3539.716
1091,37,422,4,3543.049
1092,37,422,4,3546.383
1093,37,422,4,3549.716
1094,37,423,2,3553.049
1095,37,423,1,3556.383
1096,37,423,1,3559.716
1097,37,424,2,3563.049
1098,37,424,2,3566.383
1099,37,425,3,3569.716
1100,37,425,3,3573.049
1101,37,425,3,3576.383
1102,37,426,4,3579.716
1103,37,426,1,3583.049
1104,37,426,1,3586.383
1105,37,427,1,3589.716
1106,37,427,1,3593.049
1107,37,428,2,3596.383
1108,37,428,1,3599.716
1109,37,428,1,3603.049
1110,37,429,1,3606.383
1111,38,429,1,3609.716
1112,38,429,1,3613.049
1113,38,430,2,3616.383
1114,38,430,2,3619.716
1115,38,431,3,3623.049
1116,38,431,3,3626.383
1117,38,431,3,3629.716
1118,38,432,4,3633.049
1119,38,432,4,3636.383
1120,38,432,4,3639.716
1121,38,433,2,3643.049
1122,38,433,2,3646.383
1123,38,434,3,3649.716
1124,38,434,3,3653.049
1125,38,434,3,3656.383
1126,38,435,4,3659.716
1127,38,435,4,3663.049
1128,38,436,5,3666.383
1129,38,436,5,3669.716
1130,38,437,2,3673.049
1131,38,437,1,3676.383
1132,38,438,2,3679.716
1133,38,438,1,3683.049
1134,38,438,1,3686.383
1135,38,439,1,3689.716
1136,38,439,1,3693.049
1137,38,440,2,3696.383
1138,38,440,1,3699.716
1139,38,440,1,3703.049
1140,38,441,2,3706.383
1141,39,441,2,3709.716
1142,39,442,3,3713.049
1143,39,442,3,3716.383
1144,39,443,4,3719.716
1145,39,443,4,3723.049
1146,39,443,4,3726.383
1147,39,444,5,3729.716
1148,39,444,3,3733.049
1149,39,445,4,3736.383
1150,39,445,4,3739.716
1151,39,446,5,3743.049
1152,39,446,5,3746.383
1153,39,447,6,3749.716
1154,39,447,6,3753.049
1155,39,448,7,3756.383
1156,39,448,7,3759.716
1157,39,449,5,3763.049
1158,39,449,2,3766.383
1159,39,449,1,3769.716
1160,39,450,1,3773.049
1161,39,450,1,3776.383
1162,39,450,1,3779.716
1163,39,451,1,3783.049
1164,39,451,1,3786.383
1165,39,451,1,3789.716
1166,39,452,2,3793.049
1167,39,452,2,3796.383
1168,39,452,2,3799.716
1169,39,453,3,3803.049
1170,39,453,3,3806.383
1171,40,454,4,3809.716
1172,40,454,4,3813.049
1173,40,454,4,3816.383
1174,40,455,5,3819.716
1175,40,455,4,3823.049
1176,40,456,5,3826.383
1177,40,456,5,3829.716
1178,40,456,5,3833.049
1179,40,457,6,3836.383
1180,40,457,6,3839.716
1181,40,458,7,3843.049
1182,40,458,7,3846.383
1183,40,458,7,3849.716
1184,40,459,5,3853.049
1185,40,459,2,3856.383
1186,40,460,2,3859.716
1187,40,460,1,3863.049
1188,40,461,2,3866.383
1189,40,461,1,3869.716
1190,40,462,2,3873.049
1191,40,462,1,3876.383
1192,40,462,1,3879.716
1193,40,463,2,3883.049
1194,40,463,2,3886.383
1195,40,464,3,3889.716
1196,40,464,3,3893.049
1197,40,464,3,3896.383
1198,40,465,4,3899.716
1199,40,465,4,3903.049
1200,40,466,5,3906.383
1201,41,466,5,3909.716
1202,41,467,6,3913.049
1203,41,467,6,3916.383
1204,41,468,7,3919.716
1205,41,468,7,3923.049
1206,41,468,7,3926.383
1207,41,469,8,3929.716
1208,41,469,8,3933.049
1209,41,470,9,3936.383
1210,41,470,9,3939.716
1211,41,471,7,3943.049
1212,41,471,3,3946.383
1213,41,471,1,3949.716
1214,41,472,1,3953.049
1215,41,472,1,3956.383
1216,41,472,1,3959.716
1217,41,473,1,3963.049
1218,41,473,1,3966.383
1219,41,474,2,3969.716
1220,41,474,2,3973.049
1221,41,474,2,3976.383
1222,41,475,3,3979.716
1223,41,475,3,3983.049
1224,41,476,4,3986.383
1225,41,476,4,3989.716
1226,41,476,4,3993.049
1227,41,477,5,3996.383
1228,41,477,5,3999.716
1229,41,478,5,4003.049
1230,41,478,5,4006.383
1231,42,479,6,4009.716
1232,42,479,6,4013.049
1233,42,480,7,4016.383
1234,42,480,7,4019.716
1235,42,480,7,4023.049
1236,42,481,8,4026.383
1237,42,481,8,4029.716
1238,42,481,5,4033.049
1239,42,482,3,4036.383
1240,42,482,1,4039.716
1241,42,483,2,4043.049
1242,42,483,1,4046.383
1243,42,484,2,4049.716
1244,42,484,1,4053.049
1245,42,485,2,4056.383
1246,42,485,1,4059.716
1247,42,486,2,4063.049
1248,42,486,2,4066.383
1249,42,487,3,4069.716
1250,42,487,3,4073.049
1251,42,488,4,4076.383
1252,42,488,4,4079.716
1253,42,488,4,4083.049
1254,42,489,5,4086.383
1255,42,489,5,4089.716
1256,42,489,5,4093.049
1257,42,490,6,4096.382
1258,42,490,6,4099.716
1259,42,490,6,4103.049
1260,42,491,7,4106.382
1261,43,491,7,4109.716
1262,43,492,8,4113.049
1263,43,492,8,4116.382
1264,43,492,8,4119.716
1265,43,493,6,4123.049
1266,43,493,3,4126.382
1267,43,494,2,4129.716
1268,43,494,1,4133.049
1269,43,495,2,4136.382
1270,43,495,1,4139.716
1271,43,496,2,4143.049
1272,43,496,1,4146.382
1273,43,497,2,4149.716
1274,43,497,2,4153.049
1275,43,498,3,4156.382
1276,43,498,3,4159.716
1277,43,498,3,4163.049
1278,43,499,4,4166.382
1279,43,499,4,4169.716
1280,43,500,5,4173.049
1281,43,500,5,4176.382
1282,43,501,6,4179.716
1283,43,501,5,4183.049
1284,43,502,6,4186.382
1285,43,502,6,4189.716
1286,43,503,7,4193.049
1287,43,503,7,4196.382
1288,43,504,8,4199.716
1289,43,504,8,4203.049
1290,43,504,8,4206.382
1291,44,505,9,4209.716
1292,44,505,5,4213.049
1293,44,506,3,4216.382
1294,44,506,1,4219.716
1295,44,506,1,4223.049
1296,44,507,1,4226.382
1297,44,507,1,4229.716
1298,44,507,1,4233.049
1299,44,508,1,4236.382
1300,44,508,1,4239.716
1301,44,508,1,4243.049
1302,44,509,2,4246.382
1303,44,509,2,4249.716
1304,44,510,3,4253.049
1305,44,510,3,4256.382
1306,44,511,4,4259.716
1307,44,511,4,4263.049
1308,44,511,4,4266.382
1309,44,512,5,4269.716
1310,44,512,4,4273.049
1311,44,512,4,4276.382
1312,44,513,5,4279.716
1313,44,513,5,4283.049
1314,44,513,5,4286.382
1315,44,514,6,4289.716
1316,44,514,6,4293.049
1317,44,514,6,4296.382
1318,44,515,7,4299.716
1319,44,515,4,4303.049
1320,44,516,2,4306.382
1321,45,516,1,4309.716
1322,45,516,1,4313.049
1323,45,517,1,4316.382
1324,45,517,1,4319.716
1325,45,518,2,4323.049
1326,45,518,1,4326.382
1327,45,519,2,4329.716
1328,45,519,2,4333.049
1329,45,520,3,4336.382
1330,45,520,3,4339.716
1331,45,520,3,4343.049
1332,45,521,4,4346.382
1333,45,521,4,4349.716
1334,45,522,5,4353.049
1335,45,522,5,4356.382
1336,45,523,6,4359.716
1337,45,523,6,4363.049
1338,45,524,7,4366.382
1339,45,524,7,4369.716
1340,45,525,8,4373.049
1341,45,525,8,4376.382
1342,45,526,9,4379.716
1343,45,526,9,4383.049
1344,45,526,9,4386.382
1345,45,527,10,4389.716
1346,45,527,6,4393.049
1347,45,528,5,4396.382
1348,45,528,1,4399.716
1349,45,529,2,4403.049
1350,45,529,1,4406.382
1351,46,529,1,4409.716
1352,46,530,1,4413.049
1353,46,530,1,4416.382
1354,46,531,2,4419.716
1355,46,531,2,4423.049
1356,46,532,3,4426.382
1357,46,532,3,4429.716
1358,46,532,3,4433.049
1359,46,533,4,4436.382
1360,46,533,4,4439.716
1361,46,533,4,4443.049
1362,46,534,5,4446.382
1363,46,534,5,4449.716
1364,46,535,3,4453.049
1365,46,535,3,4456.382
1366,46,536,4,4459.716
1367,46,536,4,4463.049
1368,46,536,4,4466.382
1369,46,537,5,4469.716
1370,46,537,5,4473.049
1371,46,537,5,4476.382
1372,46,538,6,4479.716
1373,46,538,4,4483.049
1374,46,539,2,4486.382
1375,46,539,1,4489.716
1376,46,540,2,4493.049
1377,46,540,1,4496.382
1378,46,541,2,4499.716
1379,46,541,1,4503.049
1380,46,541,1,4506.382
1381,47,542,1,4509.716
1382,47,542,1,4513.049
1383,47,543,2,4516.382
1384,47,543,2,4519.716
1385,47,543,2,4523.049
1386,47,544,3,4526.382
1387,47,544,3,4529.716
1388,47,545,4,4533.049
1389,47,545,4,4536.382
1390,47,546,5,4539.716
1391,47,546,4,4543.049
1392,47,546,4,4546.382
1393,47,547,5,4549.716
1394,47,547,5,4553.049
1395,47,547,5,4556.382
1396,47,548,6,4559.716
1397,47,548,6,4563.049
1398,47,549,7,4566.382
1399,47,549,7,4569.716
1400,47,549,5,4573.049
1401,47,550,3,4576.382
1402,47,550,1,4579.716
1403,47,551,2,4583.049
1404,47,551,1,4586.382
1405,47,551,1,4589.716
1406,47,552,1,4593.049
1407,47,552,1,4596.382
1408,47,553,2,4599.716
1409,47,553,2,4603.049
1410,47,554,3,4606.382
1411,48,554,3,4609.716
1412,48,554,3,4613.049
1413,48,555,4,4616.382
1414,48,555,4,4619.716
1415,48,556,5,4623.049
1416,48,556,5,4626.382
1417,48,557,6,4629.716
1418,48,557,6,4633.049
1419,48,557,6,4636.382
1420,48,558,7,4639.716
1421,48,558,7,4643.049
1422,48,558,7,4646.382
1423,48,559,8,4649.716
1424,48,559,8,4653.049
1425,48,560,9,4656.382
1426,48,560,9,4659.716
1427,48,560,5,4663.049
1428,48,561,3,4666.382
1429,48,561,1,4669.716
1430,48,561,1,4673.049
1431,48,562,1,4676.382
1432,48,562,1,4679.716
1433,48,562,1,4683.049
1434,48,563,1,4686.382
1435,48,563,1,4689.716
1436,48,563,1,4693.049
1437,48,564,2,4696.382
1438,48,564,2,4699.716
1439,48,564,2,4703.049
1440,48,565,3,4706.382
1441,49,565,3,4709.716
1442,49,565,3,4713.049
1443,49,566,4,4716.382
1444,49,566,4,4719.716
1445,49,567,4,4723.049
1446,49,567,4,4726.382
1447,49,567,4,4729.716
1448,49,568,5,4733.049
1449,49,568,5,4736.382
1450,49,568,5,4739.716
1451,49,569,6,4743.049
1452,49,569,6,4746.382
1453,49,570,7,4749.716
1454,49,570,3,4753.049
1455,49,570,1,4756.382
1456,49,571,1,4759.716
1457,49,571,1,4763.049
1458,49,571,1,4766.382
1459,49,572,1,4769.716
1460,49,572,1,4773.049
1461,49,572,1,4776.382
1462,49,573,1,4779.716
1463,49,573,1,4783.049
1464,49,574,2,4786.382
1465,49,574,2,4789.716
1466,49,574,2,4793.049
1467,49,575,3,4796.382
1468,49,575,3,4799.716
1469,49,575,3,4803.049
1470,49,576,4,4806.382
1471,50,576,4,4809.716
1472,50,576,4,4813.049
1473,50,577,5,4816.382
1474,50,577,5,4819.716
1475,50,578,6,4823.049
1476,50,578,6,4826.382
1477,50,579,7,4829.716
1478,50,579,7,4833.049
1479,50,580,8,4836.382
1480,50,580,8,4839.716
1481,50,580,6,4843.049
1482,50,581,4,4846.382
1483,50,581,1,4849.716
1484,50,582,2,4853.049
1485,50,582,1,4856.382
1486,50,583,2,4859.716
1487,50,583,1,4863.049
1488,50,584,2,4866.382
1489,50,584,1,4869.716
1490,50,585,2,4873.049
1491,50,585,2,4876.382
1492,50,586,3,4879.716
1493,50,586,3,4883.049
1494,50,587,4,4886.382
1495,50,587,4,4889.716
1496,50,588,5,4893.049
1497,50,588,5,4896.382
1498,50,589,6,4899.716
1499,50,589,6,4903.049
1500,50,589,6,4906.382
1501,51,590,7,4909.716
1502,51,590,7,4913.049
1503,51,591,8,4916.382
1504,51,591,8,4919.716
1505,51,591,8,4923.049
1506,51,592,9,4926.382
1507,51,592,9,4929.716
1508,51,593,6,4933.049
1509,51,593,3,4936.382
1510,51,594,2,4939.716
1511,51,594,1,4943.049
1512,51,595,2,4946.382
1513,51,595,1,4949.716
1514,51,595,1,4953.049
1515,51,596,1,4956.382
1516,51,596,1,4959.716
1517,51,596,1,4963.049
1518,51,597,2,4966.382
1519,51,597,2,4969.716
1520,51,598,3,4973.049
1521,51,598,3,4976.382
1522,51,598,3,4979.716
1523,51,599,4,4983.049
1524,51,599,4,4986.382
1525,51,599,4,4989.716
1526,51,600,5,4993.049
1527,51,600,5,4996.382
1528,51,600,5,4999.716
1529,51,601,6,5003.049
1530,51,601,6,5006.382
1531,52,602,7,5009.716
1532,52,602,7,5013.049
1533,52,603,8,5016.382
1534,52,603,8,5019.716
1535,52,604,6,5023.049
1536,52,604,4,5026.382
1537,52,605,2,5029.716
1538,52,605,1,5033.049
1539,52,605,1,5036.382
1540,52,606,1,5039.716
1541,52,606,1,5043.049
1542,52,606,1,5046.382
1543,52,607,1,5049.716
1544,52,607,1,5053.049
1545,52,607,1,5056.382
1546,52,608,2,5059.716
1547,52,608,2,5063.049
1548,52,609,3,5066.382
1549,52,609,3,5069.716
1550,52,609,3,5073.049
1551,52,610,4,5076.382
1552,52,610,4,5079.716
1553,52,611,5,5083.049
1554,52,611,5,5086.382
1555,52,612,6,5089.716
1556,52,612,6,5093.049
1557,52,613,7,5096.382
1558,52,613,7,5099.716
1559,52,614,8,5103.049
1560,52,614,8,5106.382
1561,53,614,8,5109.716
1562,53,615,5,5113.049
1563,53,615,3,5116.382
1564,53,616,2,5119.716
1565,53,616,1,5123.049
1566,53,617,2,5126.382
1567,53,617,1,5129.716
1568,53,618,2,5133.049
1569,53,618,1,5136.382
1570,53,619,2,5139.716
1571,53,619,2,5143.049
1572,53,620,3,5146.382
1573,53,620,3,5149.716
1574,53,621,4,5153.049
1575,53,621,4,5156.382
1576,53,621,4,5159.716
1577,53,622,5,5163.049
1578,53,622,5,5166.382
1579,53,622,5,5169.716
1580,53,623,6,5173.049
1581,53,623,6,5176.382
1582,53,623,6,5179.716
1583,53,624,7,5183.049
1584,53,624,7,5186.382
1585,53,624,7,5189.716
1586,53,625,8,5193.049
1587,53,625,8,5196.382
1588,53,625,8,5199.716
1589,53,626,7,5203.049
1590,53,626,4,5206.382
1591,54,627,2,5209.716
1592,54,627,1,5213.049
1593,54,628,2,5216.382
1594,54,628,1,5219.716
1595,54,629,2,5223.049
1596,54,629,1,5226.382
1597,54,629,1,5229.716
1598,54,630,2,5233.049
1599,54,630,2,5236.382
1600,54,631,3,5239.716
1601,54,631,3,5243.049
1602,54,631,3,5246.382
1603,54,632,4,5249.716
1604,54,632,4,5253.049
1605,54,632,4,5256.382
1606,54,633,5,5259.716
1607,54,633,3,5263.049
1608,54,634,2,5266.382
1609,54,634,1,5269.716
1610,54,634,1,5273.049
1611,54,635,1,5276.382
1612,54,635,1,5279.716
1613,54,635,1,5283.049
1614,54,636,1,5286.382
1615,54,636,1,5289.716
1616,54,637,2,5293.049
1617,54,637,1,5296.382
1618,54,637,1,5299.716
1619,54,638,1,5303.049
1620,54,638,1,5306.382
1621,55,639,2,5309.716
1622,55,639,1,5313.049
1623,55,639,1,5316.382
1624,55,640,1,5319.716
1625,55,640,1,5323.049
1626,55,641,2,5326.382
1627,55,641,2,5329.716
1628,55,642,3,5333.049
1629,55,642,3,5336.382
1630,55,643,4,5339.716
1631,55,643,4,5343.049
1632,55,644,5,5346.382
1633,55,644,5,5349.716
1634,55,644,5,5353.049
1635,55,645,6,5356.382
1636,55,645,6,5359.716
1637,55,646,7,5363.049
1638,55,646,7,5366.382
1639,55,647,8,5369.716
1640,55,647,8,5373.049
1641,55,648,9,5376.382
1642,55,648,9,5379.716
1643,55,649,6,5383.049
1644,55,649,4,5386.382
1645,55,649,1,5389.716
1646,55,650,1,5393.049
1647,55,650,1,5396.382
1648,55,651,2,5399.716
1649,55,651,1,5403.049
1650,55,652,2,5406.382
1651,56,652,1,5409.716
1652,56,652,1,5413.049
1653,56,653,2,5416.382
1654,56,653,2,5419.716
1655,56,653,2,5423.049
1656,56,654,3,5426.382
1657,56,654,3,5429.716
1658,56,654,3,5433.049
1659,56,655,4,5436.382
1660,56,655,4,5439.716
1661,56,656,2,5443.049
1662,56,656,2,5446.382
1663,56,657,3,5449.716
1664,56,657,3,5453.049
1665,56,657,3,5456.382
1666,56,658,4,5459.716
1667,56,658,4,5463.049
1668,56,658,4,5466.382
1669,56,659,5,5469.716
1670,56,659,3,5473.049
1671,56,660,2,5476.382
1672,56,660,1,5479.716
1673,56,660,1,5483.049
1674,56,661,1,5486.382
1675,56,661,1,5489.716
1676,56,661,1,5493.049
1677,56,662,1,5496.382
1678,56,662,1,5499.716
1679,56,663,2,5503.049
1680,56,663,2,5506.382
1681,57,664,3,5509.716
1682,57,664,3,5513.049
1683,57,665,4,5516.382
1684,57,665,4,5519.716
1685,57,665,4,5523.049
1686,57,666,5,5526.382
1687,57,666,5,5529.716
1688,57,667,6,5533.049
1689,57,667,6,5536.382
1690,57,667,6,5539.716
1691,57,668,7,5543.049
1692,57,668,7,5546.382
1693,57,668,7,5549.716
1694,57,669,8,5553.049
1695,57,669,8,5556.382
1696,57,670,9,5559.716
1697,57,670,7,5563.049
1698,57,670,3,5566.382
1699,57,671,1,5569.716
1700,57,671,1,5573.049
1701,57,671,1,5576.382
1702,57,672,1,5579.716
1703,57,672,1,5583.049
1704,57,673,2,5586.382
1705,57,673,1,5589.716
1706,57,673,1,5593.049
1707,57,674,2,5596.382
1708,57,674,2,5599.716
1709,57,675,3,5603.049
1710,57,675,3,5606.382
1711,58,675,3,5609.716
1712,58,676,4,5613.049
1713,58,676,4,5616.382
1714,58,677,5,5619.716
1715,58,677,4,5623.049
1716,58,677,4,5626.382
1717,58,678,5,5629.716
1718,58,678,5,5633.049
1719,58,678,5,5636.382
1720,58,679,6,5639.716
1721,58,679,6,5643.049
1722,58,680,7,5646.382
1723,58,680,7,5649.716
1724,58,680,4,5653.049
1725,58,681,2,5656.382
1726,58,681,1,5659.716
1727,58,681,1,5663.049
1728,58,682,1,5666.382
1729,58,682,1,5669.716
1730,58,683,2,5673.049
1731,58,683,1,5676.382
1732,58,684,2,5679.716
1733,58,684,2,5683.049
1734,58,684,2,5686.382
1735,58,685,3,5689.716
1736,58,685,3,5693.049
1737,58,685,3,5696.382
1738,58,686,4,5699.716
1739,58,686,4,5703.049
1740,58,687,5,5706.382
1741,59,687,5,5709.716
1742,59,687,3,5713.049
1743,59,688,4,5716.382
1744,59,688,4,5719.716
1745,59,689,5,5723.049
1746,59,689,5,5726.382
1747,59,690,6,5729.716
1748,59,690,6,5733.049
1749,59,691,7,5736.382
1750,59,691,7,5739.716
1751,59,692,4,5743.049
1752,59,692,1,5746.382
1753,59,692,1,5749.716
1754,59,693,1,5753.049
1755,59,693,1,5756.382
1756,59,693,1,5759.716
1757,59,694,1,5763.049
1758,59,694,1,5766.382
1759,59,694,1,5769.716
1760,59,695,2,5773.049
1761,59,695,2,5776.382
1762,59,695,2,5779.716
1763,59,696,3,5783.049
1764,59,696,3,5786.382
1765,59,696,3,5789.716
1766,59,697,4,5793.049
1767,59,697,4,5796.383
1768,59,698,5,5799.716
1769,59,698,5,5803.049
1770,59,699,6,5806.383
1771,60,699,6,5809.716
1772,60,700,7,5813.049
1773,60,700,7,5816.383
1774,60,700,7,5819.716
1775,60,701,8,5823.049
1776,60,701,8,5826.383
1777,60,701,8,5829.716
1778,60,702,6,5833.049
1779,60,702,3,5836.383
1780,60,703,2,5839.716
1781,60,703,1,5843.049
1782,60,704,2,5846.383
1783,60,704,1,5849.716
1784,60,705,2,5853.049
1785,60,705,1,5856.383
1786,60,705,1,5859.716
1787,60,706,2,5863.049
1788,60,706,2,5866.383
1789,60,707,3,5869.716
1790,60,707,3,5873.049
1791,60,707,3,5876.383
1792,60,708,4,5879.716
1793,60,708,4,5883.049
1794,60,709,5,5886.383
1795,60,709,5,5889.716
1796,60,709,3,5893.049
1797,60,710,4,5896.383
1798,60,710,4,5899.716
1799,60,710,4,5903.049
1800,60,711,5,5906.383
1801,61,711,5,5909.716
1802,61,712,6,5913.049
1803,61,712,6,5916.383
1804,61,712,6,5919.716
1805,61,713,4,5923.049
1806,61,713,1,5926.383
1807,61,713,1,5929.716
1808,61,714,1,5933.049
1809,61,714,1,5936.383
1810,61,714,1,5939.716
1811,61,715,1,5943.049
1812,61,715,1,5946.383
1813,61,716,2,5949.716
1814,61,716,2,5953.049
1815,61,716,2,5956.383
1816,61,717,3,5959.716
1817,61,717,3,5963.049
1818,61,718,4,5966.383
1819,61,718,4,5969.716
1820,61,719,5,5973.049
1821,61,719,5,5976.383
1822,61,720,6,5979.716
1823,61,720,6,5983.049
1824,61,721,7,5986.383
1825,61,721,7,5989.716
1826,61,722,8,5993.049
1827,61,722,8,5996.383
1828,61,722,8,5999.716
1829,61,723,9,6003.049
1830,61,723,9,6006.383
1831,62,723,9,6009.716
1832,62,724,7,6013.049
1833,62,724,3,6016.383
1834,62,724,1,6019.716
1835,62,725,1,6023.049
1836,62,725,1,6026.383
1837,62,726,2,6029.716
1838,62,726,1,6033.049
1839,62,726,1,6036.383
1840,62,727,1,6039.716
1841,62,727,1,6043.049
1842,62,727,1,6046.383
1843,62,728,2,6049.716
1844,62,728,2,6053.049
1845,62,729,3,6056.383
1846,62,729,3,6059.716
1847,62,730,4,6063.049
1848,62,730,4,6066.383
1849,62,731,5,6069.716
1850,62,731,5,6073.049
1851,62,731,5,6076.383
1852,62,732,6,6079.716
1853,62,732,6,6083.049
1854,62,733,7,6086.383
1855,62,733,7,6089.716
1856,62,733,7,6093.049
1857,62,734,8,6096.383
1858,62,734,8,6099.716
1859,62,734,4,6103.049
1860,62,735,3,6106.383
1861,63,735,1,6109.716
1862,63,735,1,6113.049
1863,63,736,1,6116.383
1864,63,736,1,6119.716
1865,63,737,2,6123.049
1866,63,737,1,6126.383
1867,63,737,1,6129.716
1868,63,738,2,6133.049
1869,63,738,2,6136.383
1870,63,738,2,6139.716
1871,63,739,3,6143.049
1872,63,739,3,6146.383
1873,63,740,4,6149.716
1874,63,740,4,6153.049
1875,63,740,4,6156.383
1876,63,741,5,6159.716
1877,63,741,4,6163.049
1878,63,742,5,6166.383
1879,63,742,5,6169.716
1880,63,742,5,6173.049
1881,63,743,6,6176.383
1882,63,743,6,6179.716
1883,63,744,7,6183.049
1884,63,744,7,6186.383
1885,63,745,8,6189.716
1886,63,745,5,6193.049
1887,63,745,2,6196.383
1888,63,746,1,6199.716
1889,63,746,1,6203.049
1890,63,746,1,6206.383
1891,64,747,1,6209.716
1892,64,747,1,6213.049
1893,64,747,1,6216.383
1894,64,748,1,6219.716
1895,64,748,1,6223.049
1896,64,748,1,6226.383
1897,64,749,2,6229.716
1898,64,749,2,6233.049
1899,64,749,2,6236.383
1900,64,750,3,6239.716
1901,64,750,3,6243.049
1902,64,750,3,6246.383
1903,64,751,4,6249.716
1904,64,751,4,6253.049
1905,64,751,4,6256.383
1906,64,752,5,6259.716
1907,64,752,5,6263.049
1908,64,752,5,6266.383
1909,64,753,6,6269.716
1910,64,753,6,6273.049
1911,64,753,6,6276.383
1912,64,754,7,6279.716
1913,64,754,4,6283.049
1914,64,755,2,6286.383
1915,64,755,1,6289.716
1916,64,755,1,6293.049
1917,64,756,1,6296.383
1918,64,756,1,6299.716
1919,64,757,2,6303.049
1920,64,757,1,6306.383
1921,65,757,1,6309.716
1922,65,758,2,6313.049
1923,65,758,2,6316.383
1924,65,759,3,6319.716
1925,65,759,3,6323.049
1926,65,759,3,6326.383
1927,65,760,4,6329.716
1928,65,760,4,6333.049
1929,65,760,4,6336.383
1930,65,761,5,6339.716
1931,65,761,4,6343.049
1932,65,761,4,6346.383
1933,65,762,5,6349.716
1934,65,762,5,6353.049
1935,65,763,6,6356.383
1936,65,763,6,6359.716
1937,65,764,7,6363.049
1938,65,764,7,6366.383
1939,65,764,7,6369.716
1940,65,765,5,6373.049
1941,65,765,1,6376.383
1942,65,766,2,6379.716
1943,65,766,1,6383.049
1944,65,767,2,6386.383
1945,65,767,1,6389.716
1946,65,768,2,6393.049
1947,65,768,1,6396.383
1948,65,768,1,6399.716
1949,65,769,2,6403.049
1950,65,769,2,6406.383
1951,66,770,3,6409.716
1952,66,770,3,6413.049
1953,66,771,4,6416.383
1954,66,771,4,6419.716
1955,66,772,5,6423.049
1956,66,772,5,6426.383
1957,66,772,5,6429.716
1958,66,773,6,6433.049
1959,66,773,6,6436.383
1960,66,774,7,6439.716
1961,66,774,7,6443.049
1962,66,775,8,6446.383
1963,66,775,8,6449.716
1964,66,775,8,6453.049
1965,66,776,9,6456.383
1966,66,776,9,6459.716
1967,66,776,7,6463.049
1968,66,777,4,6466.383
1969,66,777,1,6469.716
1970,66,778,2,6473.049
1971,66,778,1,6476.383
1972,66,779,2,6479.716
1973,66,779,1,6483.049
1974,66,779,1,6486.383
1975,66,780,1,6489.716
1976,66,780,1,6493.049
1977,66,781,2,6496.383
1978,66,781,2,6499.716
1979,66,782,3,6503.049
1980,66,782,3,6506.383
1981,67,782,3,6509.716
1982,67,783,4,6513.049
1983,67,783,4,6516.383
1984,67,784,5,6519.716
1985,67,784,4,6523.049
1986,67,785,5,6526.383
1987,67,785,5,6529.716
1988,67,786,6,6533.049
1989,67,786,6,6536.383
1990,67,786,6,6539.716
1991,67,787,7,6543.049
1992,67,787,7,6546.383
1993,67,788,8,6549.716
1994,67,788,5,6553.049
1995,67,788,1,6556.383
1996,67,789,1,6559.716
1997,67,789,1,6563.049
1998,67,790,2,6566.383
1999,67,790,1,6569.716
2000,67,791,2,6573.049
2001,67,791,1,6576.383
2002,67,791,1,6579.716
2003,67,792,2,6583.049
2004,67,792,2,6586.383
2005,67,793,3,6589.716
2006,67,793,3,6593.049
2007,67,793,3,6596.383
2008,67,794,4,6599.716
2009,67,794,4,6603.049
2010,67,794,4,6606.383
2011,68,795,5,6609.716
2012,68,795,4,6613.049
2013,68,796,5,6616.383
2014,68,796,5,6619.716
2015,68,796,5,6623.049
2016,68,797,6,6626.383
2017,68,797,6,6629.716
2018,68,798,7,6633.049
2019,68,798,7,6636.383
2020,68,799,8,6639.716
2021,68,799,5,6643.049
2022,68,799,1,6646.383
2023,68,800,1,6649.716
2024,68,800,1,6653.049
2025,68,801,2,6656.383
2026,68,801,1,6659.716
2027,68,801,1,6663.049
2028,68,802,1,6666.383
2029,68,802,1,6669.716
2030,68,802,1,6673.049
2031,68,803,2,6676.383
2032,68,803,2,6679.716
2033,68,804,3,6683.049
2034,68,804,3,6686.383
2035,68,804,3,6689.716
2036,68,805,4,6693.049
2037,68,805,4,6696.383
2038,68,806,5,6699.716
2039,68,806,2,6703.049
2040,68,806,2,6706.383
2041,69,807,3,6709.716
2042,69,807,3,6713.049
2043,69,807,3,6716.383
2044,69,808,4,6719.716
2045,69,808,4,6723.049
2046,69,808,4,6726.383
2047,69,809,5,6729.716
2048,69,809,3,6733.049
2049,69,810,2,6736.383
2050,69,810,1,6739.716
2051,69,810,1,6743.049
2052,69,811,1,6746.383
2053,69,811,1,6749.716
2054,69,811,1,6753.049
2055,69,812,1,6756.383
2056,69,812,1,6759.716
2057,69,812,1,6763.049
2058,69,813,2,6766.383
2059,69,813,2,6769.716
2060,69,814,3,6773.049
2061,69,814,3,6776.383
2062,69,815,4,6779.716
2063,69,815,4,6783.049
2064,69,816,5,6786.383
2065,69,816,5,6789.716
2066,69,816,5,6793.049
2067,69,817,6,6796.383
2068,69,817,6,6799.716
2069,69,818,7,6803.049
2070,69,818,7,6806.383
2071,70,818,7,6809.716
2072,70,819,8,6813.049
2073,70,819,8,6816.383
2074,70,819,8,6819.716
2075,70,820,5,6823.049
2076,70,820,3,6826.383
2077,70,821,2,6829.716
2078,70,821,1,6833.049
2079,70,822,2,6836.383
2080,70,822,1,6839.716
2081,70,822,1,6843.049
2082,70,823,1,6846.383
2083,70,823,1,6849.716
2084,70,823,1,6853.049
2085,70,824,2,6856.383
2086,70,824,2,6859.716
2087,70,825,3,6863.049
2088,70,825,3,6866.383
2089,70,825,3,6869.716
2090,70,826,4,6873.049
2091,70,826,4,6876.383
2092,70,827,5,6879.716
2093,70,827,4,6883.049
2094,70,828,5,6886.383
2095,70,828,5,6889.716
2096,70,829,6,6893.049
2097,70,829,6,6896.383
2098,70,830,7,6899.716
2099,70,830,7,6903.049
2100,70,830,7,6906.383
2101,71,831,8,6909.716
2102,71,831,5,6913.049
2103,71,832,2,6916.383
2104,71,832,1,6919.716
2105,71,832,1,6923.049
2106,71,833,1,6926.383
2107,71,833,1,6929.716
2108,71,834,2,6933.049
2109,71,834,1,6936.383
2110,71,835,2,6939.716
2111,71,835,2,6943.049
2112,71,835,2,6946.383
2113,71,836,3,6949.716
2114,71,836,3,6953.049
2115,71,837,4,6956.383
2116,71,837,4,6959.716
2117,71,838,5,6963.049
2118,71,838,5,6966.383
2119,71,838,5,6969.716
2120,71,839,4,6973.049
2121,71,839,4,6976.383
2122,71,840,5,6979.716
2123,71,840,5,6983.049
2124,71,841,6,6986.383
2125,71,841,6,6989.716
2126,71,842,7,6993.049
2127,71,842,7,6996.383
2128,71,842,7,6999.716
2129,71,843,5,7003.049
2130,71,843,2,7006.383
2131,72,844,2,7009.716
2132,72,844,1,7013.049
2133,72,844,1,7016.383
2134,72,845,1,7019.716
2135,72,845,1,7023.049
2136,72,846,2,7026.383
2137,72,846,1,7029.716
2138,72,847,2,7033.049
2139,72,847,2,7036.383
2140,72,848,3,7039.716
2141,72,848,3,7043.049
2142,72,848,3,7046.383
2143,72,849,4,7049.716
2144,72,849,4,7053.049
2145,72,850,5,7056.383
2146,72,850,5,7059.716
2147,72,851,5,7063.049
2148,72,851,5,7066.383
2149,72,851,5,7069.716
2150,72,852,6,7073.049
2151,72,852,6,7076.383
2152,72,852,6,7079.716
2153,72,853,7,7083.049
2154,72,853,7,7086.383
2155,72,854,8,7089.716
2156,72,854,5,7093.049
2157,72,855,2,7096.383
2158,72,855,1,7099.716
2159,72,856,2,7103.049
2160,72,856,1,7106.383
2161,73,856,1,7109.716
2162,73,857,1,7113.049
2163,73,857,1,7116.383
2164,73,857,1,7119.716
2165,73,858,2,7123.049
2166,73,858,2,7126.383
2167,73,858,2,7129.716
2168,73,859,3,7133.049
2169,73,859,3,7136.383
2170,73,859,3,7139.716
2171,73,860,4,7143.049
2172,73,860,4,7146.383
2173,73,860,4,7149.716
2174,73,861,3,7153.049
2175,73,861,3,7156.383
2176,73,862,4,7159.716
2177,73,862,4,7163.049
2178,73,862,4,7166.383
2179,73,863,5,7169.716
2180,73,863,5,7173.049
2181,73,863,5,7176.383
2182,73,864,6,7179.716
2183,73,864,3,7183.049
2184,73,864,1,7186.383
2185,73,865,1,7189.716
2186,73,865,1,7193.049
2187,73,866,2,7196.383
2188,73,866,1,7199.716
2189,73,867,2,7203.049
2190,73,867,1,7206.383
2191,74,867,1,7209.716
2192,74,868,2,7213.049
2193,74,868,2,7216.383
2194,74,869,3,7219.716
2195,74,869,3,7223.049
2196,74,870,4,7226.383
2197,74,870,4,7229.716
2198,74,871,5,7233.049
2199,74,871,5,7236.383
2200,74,872,6,7239.716
2201,74,872,6,7243.049
2202,74,872,6,7246.383
2203,74,873,7,7249.716
2204,74,873,7,7253.049
2205,74,873,7,7256.383
2206,74,874,8,7259.716
2207,74,874,8,7263.049
2208,74,874,8,7266.383
2209,74,875,9,7269.716
2210,74,875,6,7273.049
2211,74,875,2,7276.383
2212,74,876,1,7279.716
2213,74,876,1,7283.049
2214,74,877,2,7286.383
2215,74,877,1,7289.716
2216,74,878,2,7293.049
2217,74,878,1,7296.383
2218,74,878,1,7299.716
2219,74,879,2,7303.049
2220,74,879,2,7306.383
2221,75,880,3,7309.716
2222,75,880,3,7313.049
2223,75,880,3,7316.383
2224,75,881,4,7319.716
2225,75,881,4,7323.049
2226,75,881,4,7326.383
2227,75,882,5,7329.716
2228,75,882,4,7333.049
2229,75,882,4,7336.383
2230,75,883,5,7339.716
2231,75,883,5,7343.049
2232,75,884,6,7346.383
2233,75,884,6,7349.716
2234,75,884,6,7353.049
2235,75,885,7,7356.383
2236,75,885,7,7359.716
2237,75,885,4,7363.049
2238,75,886,1,7366.383
2239,75,886,1,7369.716
2240,75,886,1,7373.049
2241,75,887,1,7376.383
2242,75,887,1,7379.716
2243,75,887,1,7383.049
2244,75,888,1,7386.383
2245,75,888,1,7389.716
2246,75,889,2,7393.049
2247,75,889,2,7396.383
2248,75,890,3,7399.716
2249,75,890,3,7403.049
2250,75,890,3,7406.383
2251,76,891,4,7409.716
2252,76,891,4,7413.049
2253,76,891,4,7416.383
2254,76,892,5,7419.716
2255,76,892,5,7423.049
2256,76,892,5,7426.383
2257,76,893,6,7429.716
2258,76,893,6,7433.049
2259,76,893,6,7436.383
2260,76,894,7,7439.716
2261,76,894,7,7443.049
2262,76,895,8,7446.383
2263,76,895,8,7449.716
2264,76,896,6,7453.049
2265,76,896,2,7456.383
2266,76,897,2,7459.716
2267,76,897,1,7463.049
2268,76,897,1,7466.383
2269,76,898,1,7469.716
2270,76,898,1,7473.049
2271,76,898,1,7476.383
2272,76,899,1,7479.716
2273,76,899,1,7483.049
2274,76,900,2,7486.383
2275,76,900,2,7489.716
2276,76,901,3,7493.049
2277,76,901,3,7496.383
2278,76,902,4,7499.716
2279,76,902,4,7503.049
2280,76,902,4,7506.383
2281,77,903,5,7509.716
2282,77,903,5,7513.049
2283,77,904,6,7516.383
2284,77,904,6,7519.716
2285,77,904,6,7523.049
2286,77,905,7,7526.383
2287,77,905,7,7529.716
2288,77,905,7,7533.049
2289,77,906,8,7536.383
2290,77,906,8,7539.716
2291,77,907,7,7543.049
2292,77,907,3,7546.383
2293,77,907,1,7549.716
2294,77,908,1,7553.049
2295,77,908,1,7556.383
2296,77,909,2,7559.716
2297,77,909,1,7563.049
2298,77,909,1,7566.383
2299,77,910,1,7569.716
2300,77,910,1,7573.049
2301,77,910,1,7576.383
2302,77,911,2,7579.716
2303,77,911,2,7583.049
2304,77,912,3,7586.383
2305,77,912,3,7589.716
2306,77,913,4,7593.049
2307,77,913,4,7596.383
2308,77,914,5,7599.716
2309,77,914,5,7603.049
2310,77,914,5,7606.383
2311,78,915,6,7609.716
2312,78,915,6,7613.049
2313,78,916,7,7616.383
2314,78,916,7,7619.716
2315,78,916,7,7623.049
2316,78,917,8,7626.383
2317,78,917,8,7629.716
2318,78,918,5,7633.049
2319,78,918,3,7636.383
2320,78,919,2,7639.716
2321,78,919,1,7643.049
2322,78,920,2,7646.383
2323,78,920,1,7649.716
2324,78,921,2,7653.049
2325,78,921,1,7656.383
2326,78,922,2,7659.716
2327,78,922,2,7663.049
2328,78,923,3,7666.383
2329,78,923,3,7669.716
2330,78,924,4,7673.049
2331,78,924,4,7676.383
2332,78,925,5,7679.716
2333,78,925,5,7683.049
2334,78,925,5,7686.383
2335,78,926,6,7689.716
2336,78,926,6,7693.049
2337,78,927,7,7696.383
2338,78,927,7,7699.716
2339,78,927,7,7703.049
2340,78,928,8,7706.383
2341,79,928,8,7709.716
2342,79,929,9,7713.049
2343,79,929,9,7716.383
2344,79,930,10,7719.716
2345,79,930,7,7723.049
2346,79,930,3,7726.383
2347,79,931,1,7729.716
2348,79,931,1,7733.049
2349,79,931,1,7736.383
2350,79,932,1,7739.716
2351,79,932,1,7743.049
2352,79,932,1,7746.383
2353,79,933,1,7749.716
2354,79,933,1,7753.049
2355,79,934,2,7756.383
2356,79,934,2,7759.716
2357,79,935,3,7763.049
2358,79,935,3,7766.383
2359,79,936,4,7769.716
2360,79,936,4,7773.049
2361,79,937,5,7776.383
2362,79,937,5,7779.716
2363,79,937,4,7783.049
2364,79,938,5,7786.383
2365,79,938,5,7789.716
2366,79,939,6,7793.049
2367,79,939,6,7796.383
2368,79,940,7,7799.716
2369,79,940,7,7803.049
2370,79,940,7,7806.383
2371,80,941,8,7809.716
2372,80,941,4,7813.049
2373,80,942,2,7816.383
2374,80,942,1,7819.716
2375,80,943,2,7823.049
2376,80,943,1,7826.383
2377,80,944,2,7829.716
2378,80,944,1,7833.049
2379,80,944,1,7836.383
2380,80,945,1,7839.716
2381,80,945,1,7843.049
2382,80,946,2,7846.383
2383,80,946,2,7849.716
2384,80,946,2,7853.049
2385,80,947,3,7856.383
2386,80,947,3,7859.716
2387,80,948,4,7863.049
2388,80,948,4,7866.383
2389,80,949,5,7869.716
2390,80,949,5,7873.049
2391,80,949,5,7876.383
2392,80,950,6,7879.716
2393,80,950,6,7883.049
2394,80,950,6,7886.383
2395,80,951,7,7889.716
2396,80,951,7,7893.049
2397,80,951,7,7896.383
2398,80,952,8,7899.716
2399,80,952,5,7903.049
2400,80,953,2,7906.383
2401,81,953,1,7909.716
2402,81,954,2,7913.049
2403,81,954,1,7916.383
2404,81,955,2,7919.716
2405,81,955,1,7923.049
2406,81,956,2,7926.383
2407,81,956,1,7929.716
2408,81,957,2,7933.049
2409,81,957,2,7936.383
2410,81,957,2,7939.716
2411,81,958,3,7943.049
2412,81,958,3,7946.383
2413,81,958,3,7949.716
2414,81,959,4,7953.049
2415,81,959,4,7956.383
2416,81,960,5,7959.716
2417,81,960,2,7963.049
2418,81,961,3,7966.383
2419,81,961,3,7969.716
2420,81,962,4,7973.049
2421,81,962,4,7976.383
2422,81,963,5,7979.716
2423,81,963,5,7983.049
2424,81,964,6,7986.383
2425,81,964,6,7989.716
2426,81,965,3,7993.049
2427,81,965,1,7996.383
2428,81,966,2,7999.716
2429,81,966,1,8003.049
2430,81,966,1,8006.383
2431,82,967,1,8009.716
2432,82,967,1,8013.049
2433,82,968,2,8016.383
2434,82,968,1,8019.716
2435,82,969,2,8023.049
2436,82,969,2,8026.383
2437,82,970,3,8029.716
2438,82,970,3,8033.049
2439,82,971,4,8036.383
2440,82,971,4,8039.716
2441,82,972,5,8043.049
2442,82,972,5,8046.383
2443,82,973,6,8049.716
2444,82,973,4,8053.049
2445,82,973,4,8056.383
2446,82,974,5,8059.716
2447,82,974,5,8063.049
2448,82,974,5,8066.383
2449,82,975,6,8069.716
2450,82,975,6,8073.049
2451,82,975,6,8076.383
2452,82,976,7,8079.716
2453,82,976,3,8083.049
2454,82,977,2,8086.383
2455,82,977,1,8089.716
2456,82,978,2,8093.049
2457,82,978,1,8096.383
2458,82,978,1,8099.716
2459,82,979,1,8103.049
2460,82,979,1,8106.383
2461,83,979,1,8109.716
2462,83,980,2,8113.049
2463,83,980,2,8116.383
2464,83,981,3,8119.716
2465,83,981,3,8123.049
2466,83,981,3,8126.383
2467,83,982,4,8129.716
2468,83,982,4,8133.049
2469,83,982,4,8136.383
2470,83,983,5,8139.716
2471,83,983,2,8143.049
2472,83,983,2,8146.383
2473,83,984,3,8149.716
2474,83,984,3,8153.049
2475,83,984,3,8156.383
2476,83,985,4,8159.716
2477,83,985,4,8163.049
2478,83,986,5,8166.383
2479,83,986,5,8169.716
2480,83,987,3,8173.049
2481,83,987,1,8176.383
2482,83,987,1,8179.716
2483,83,988,1,8183.049
2484,83,988,1,8186.383
2485,83,989,2,8189.716
2486,83,989,1,8193.05
2487,83,989,1,8196.383
2488,83,990,1,8199.716
2489,83,990,1,8203.05
2490,83,991,2,8206.383
2491,84,991,2,8209.716
2492,84,992,3,8213.05
2493,84,992,3,8216.383
2494,84,993,4,8219.716
2495,84,993,4,8223.05
2496,84,993,4,8226.383
2497,84,994,5,8229.716
2498,84,994,5,8233.05
2499,84,995,6,8236.383
2500,84,995,6,8239.716
2501,84,996,7,8243.05
2502,84,996,7,8246.383
2503,84,996,7,8249.716
2504,84,997,8,8253.05
2505,84,997,8,8256.383
2506,84,997,8,8259.716
2507,84,998,6,8263.05
2508,84,998,2,8266.383
2509,84,998,1,8269.716
2510,84,999,1,8273.05
2511,84,999,1,8276.383
2512,84,1000,2,8279.716
2513,84,1000,1,8283.05
2514,84,1000,1,8286.383
2515,84,1001,1,8289.716
2516,84,1001,1,8293.05
2517,84,1002,2,8296.383
2518,84,1002,2,8299.716
2519,84,1003,3,8303.05
2520,84,1003,3,8306.383
2521,85,1004,4,8309.716
2522,85,1004,4,8313.05
2523,85,1005,5,8316.383
2524,85,1005,5,8319.716
2525,85,1006,5,8323.05
2526,85,1006,5,8326.383
2527,85,1007,6,8329.716
2528,85,1007,6,8333.05
2529,85,1008,7,8336.383
2530,85,1008,7,8339.716
2531,85,1009,8,8343.05
2532,85,1009,8,8346.383
2533,85,1010,9,8349.716
2534,85,1010,7,8353.05
2535,85,1010,3,8356.383
2536,85,1011,1,8359.716
2537,85,1011,1,8363.05
2538,85,1011,1,8366.383
2539,85,1012,1,8369.716
2540,85,1012,1,8373.05
2541,85,1012,1,8376.383
2542,85,1013,1,8379.716
2543,85,1013,1,8383.05
2544,85,1014,2,8386.383
2545,85,1014,2,8389.716
2546,85,1015,3,8393.05
2547,85,1015,3,8396.383
2548,85,1015,3,8399.716
2549,85,1016,4,8403.05
2550,85,1016,4,8406.383
2551,86,1016,4,8409.716
2552,86,1017,5,8413.05
2553,86,1017,5,8416.383
2554,86,1018,6,8419.716
2555,86,1018,6,8423.05
2556,86,1018,6,8426.383
2557,86,1019,7,8429.716
2558,86,1019,7,8433.05
2559,86,1020,8,8436.383
2560,86,1020,8,8439.716
2561,86,1021,6,8443.05
2562,86,1021,2,8446.383
2563,86,1021,1,8449.716
2564,86,1022,1,8453.05
2565,86,1022,1,8456.383
2566,86,1023,2,8459.716
2567,86,1023,1,8463.05
2568,86,1024,2,8466.383
2569,86,1024,1,8469.716
2570,86,1025,2,8473.05
2571,86,1025,2,8476.383
2572,86,1025,2,8479.716
2573,86,1026,3,8483.05
2574,86,1026,3,8486.383
2575,86,1026,3,8489.716
2576,86,1027,4,8493.05
2577,86,1027,4,8496.383
2578,86,1028,5,8499.716
2579,86,1028,5,8503.05
2580,86,1029,6,8506.383
2581,87,1029,6,8509.716
2582,87,1030,7,8513.05
2583,87,1030,7,8516.383
2584,87,1031,8,8519.716
2585,87,1031,8,8523.05
2586,87,1031,8,8526.383
2587,87,1032,9,8529.716
2588,87,1032,5,8533.05
2589,87,1032,3,8536.383
2590,87,1033,1,8539.716
2591,87,1033,1,8543.05
2592,87,1033,1,8546.383
2593,87,1034,1,8549.716
2594,87,1034,1,8553.05
2595,87,1035,2,8556.383
2596,87,1035,1,8559.716
2597,87,1035,1,8563.05
2598,87,1036,2,8566.383
2599,87,1036,2,8569.716
2600,87,1037,3,8573.05
2601,87,1037,3,8576.383
2602,87,1037,3,8579.716
2603,87,1038,4,8583.05
2604,87,1038,4,8586.383
2605,87,1039,5,8589.716
2606,87,1039,4,8593.05
2607,87,1040,5,8596.383
2608,87,1040,5,8599.716
2609,87,1040,5,8603.05
2610,87,1041,6,8606.383
2611,88,1041,6,8609.716
2612,88,1041,6,8613.05
2613,88,1042,7,8616.383
2614,88,1042,7,8619.716
2615,88,1043,5,8623.05
2616,88,1043,2,8626.383
2617,88,1043,1,8629.716
2618,88,1044,1,8633.05
2619,88,1044,1,8636.383
2620,88,1044,1,8639.716
2621,88,1045,1,8643.05
2622,88,1045,1,8646.383
2623,88,1046,2,8649.716
2624,88,1046,2,8653.05
2625,88,1047,3,8656.383
2626,88,1047,3,8659.716
2627,88,1048,4,8663.05
2628,88,1048,4,8666.383
2629,88,1048,4,8669.716
2630,88,1049,5,8673.05
2631,88,1049,5,8676.383
2632,88,1050,6,8679.716
2633,88,1050,6,8683.05
2634,88,1050,6,8686.383
2635,88,1051,7,8689.716
2636,88,1051,7,8693.05
2637,88,1051,7,8696.383
2638,88,1052,8,8699.716
2639,88,1052,8,8703.05
2640,88,1053,9,8706.383
2641,89,1053,9,8709.716
2642,89,1053,6,8713.05
2643,89,1054,3,8716.383
2644,89,1054,1,8719.716
2645,89,1055,2,8723.05
2646,89,1055,1,8726.383
2647,89,1056,2,8729.716
2648,89,1056,1,8733.05
2649,89,1056,1,8736.383
2650,89,1057,1,8739.716
2651,89,1057,1,8743.05
2652,89,1057,1,8746.383
2653,89,1058,2,8749.716
2654,89,1058,2,8753.05
2655,89,1058,2,8756.383
2656,89,1059,3,8759.716
2657,89,1059,3,8763.05
2658,89,1059,3,8766.383
2659,89,1060,4,8769.716
2660,89,1060,4,8773.05
2661,89,1061,5,8776.383
2662,89,1061,5,8779.716
2663,89,1062,6,8783.05
2664,89,1062,6,8786.383
2665,89,1062,6,8789.716
2666,89,1063,7,8793.05
2667,89,1063,7,8796.383
2668,89,1064,8,8799.716
2669,89,1064,4,8803.05
2670,89,1064,2,8806.383
2671,90,1065,1,8809.716
2672,90,1065,1,8813.05
2673,90,1065,1,8816.383
2674,90,1066,1,8819.716
2675,90,1066,1,8823.05
2676,90,1066,1,8826.383
2677,90,1067,1,8829.716
2678,90,1067,1,8833.05
2679,90,1067,1,8836.383
2680,90,1068,2,8839.716
2681,90,1068,2,8843.05
2682,90,1068,2,8846.383
2683,90,1069,3,8849.716
2684,90,1069,3,8853.05
2685,90,1069,3,8856.383
2686,90,1070,4,8859.716
2687,90,1070,4,8863.05
2688,90,1070,4,8866.383
2689,90,1071,5,8869.716
2690,90,1071,5,8873.05
2691,90,1071,5,8876.383
2692,90,1072,6,8879.716
2693,90,1072,6,8883.05
2694,90,1072,6,8886.383
2695,90,1073,7,8889.716
2696,90,1073,4,8893.05
2697,90,1073,1,8896.383
2698,90,1074,1,8899.716
2699,90,1074,1,8903.05
2700,90,1075,2,8906.383
2701,91,1075,1,8909.716
2702,91,1076,2,8913.05
2703,91,1076,1,8916.383
2704,91,1076,1,8919.716
2705,91,1077,2,8923.05
2706,91,1077,2,8926.383
2707,91,1077,2,8929.716
2708,91,1078,3,8933.05
2709,91,1078,3,8936.383
2710,91,1078,3,8939.716
2711,91,1079,4,8943.05
2712,91,1079,4,8946.383
2713,91,1079,4,8949.716
2714,91,1080,3,8953.05
2715,91,1080,3,8956.383
2716,91,1081,4,8959.716
2717,91,1081,4,8963.05
2718,91,1082,5,8966.383
2719,91,1082,5,8969.716
2720,91,1083,6,8973.05
2721,91,1083,6,8976.383
2722,91,1083,6,8979.716
2723,91,1084,4,8983.05
2724,91,1084,1,8986.383
2725,91,1085,2,8989.716
2726,91,1085,1,8993.05
2727,91,1085,1,8996.383
2728,91,1086,1,8999.716
2729,91,1086,1,9003.05
2730,91,1087,2,9006.383
2731,92,1087,1,9009.716
2732,92,1088,2,9013.05
2733,92,1088,2,9016.383
2734,92,1089,3,9019.716
2735,92,1089,3,9023.05
2736,92,1090,4,9026.383
2737,92,1090,4,9029.716
2738,92,1091,5,9033.05
2739,92,1091,5,9036.383
2740,92,1092,6,9039.716
2741,92,1092,6,9043.05
2742,92,1093,7,9046.383
2743,92,1093,7,9049.716
2744,92,1093,7,9053.05
2745,92,1094,8,9056.383
2746,92,1094,8,9059.716
2747,92,1095,9,9063.05
2748,92,1095,9,9066.383
2749,92,1096,10,9069.716
2750,92,1096,7,9073.05
2751,92,1096,3,9076.383
2752,92,1097,1,9079.716
2753,92,1097,1,9083.05
2754,92,1097,1,9086.383
2755,92,1098,1,9089.716
2756,92,1098,1,9093.05
2757,92,1099,2,9096.383
2758,92,1099,1,9099.716
2759,92,1100,2,9103.05
2760,92,1100,2,9106.383
2761,93,1101,3,9109.716
2762,93,1101,3,9113.05
2763,93,1101,3,9116.383
2764,93,1102,4,9119.716
2765,93,1102,4,9123.05
2766,93,1102,4,9126.383
2767,93,1103,5,9129.716
2768,93,1103,1,9133.05
2769,93,1103,1,9136.383
2770,93,1104,2,9139.716
2771,93,1104,2,9143.05
2772,93,1104,2,9146.383
2773,93,1105,3,9149.716
2774,93,1105,3,9153.05
2775,93,1105,3,9156.383
2776,93,1106,4,9159.716
2777,93,1106,1,9163.05
2778,93,1107,2,9166.383
2779,93,1107,1,9169.716
2780,93,1108,2,9173.05
2781,93,1108,1,9176.383
2782,93,1108,1,9179.716
2783,93,1109,1,9183.05
2784,93,1109,1,9186.383
2785,93,1109,1,9189.716
2786,93,1110,2,9193.05
2787,93,1110,2,9196.383
2788,93,1110,2,9199.716
2789,93,1111,3,9203.05
2790,93,1111,3,9206.383
2791,94,1111,3,9209.716
2792,94,1112,4,9213.05
2793,94,1112,4,9216.383
2794,94,1112,4,9219.716
2795,94,1113,5,9223.05
2796,94,1113,5,9226.383
2797,94,1114,6,9229.716
2798,94,1114,6,9233.05
2799,94,1114,6,9236.383
2800,94,1115,7,9239.716
2801,94,1115,7,9243.05
2802,94,1115,7,9246.383
2803,94,1116,8,9249.716
2804,94,1116,5,9253.05
2805,94,1116,2,9256.383
2806,94,1117,1,9259.716
2807,94,1117,1,9263.05
2808,94,1117,1,9266.383
2809,94,1118,1,9269.716
2810,94,1118,1,9273.05
2811,94,1119,2,9276.383
2812,94,1119,1,9279.716
2813,94,1119,1,9283.05
2814,94,1120,2,9286.383
2815,94,1120,2,9289.716
2816,94,1120,2,9293.05
2817,94,1121,3,9296.383
2818,94,1121,3,9299.716
2819,94,1121,3,9303.05
2820,94,1122,4,9306.383
2821,95,1122,4,9309.716
2822,95,1122,2,9313.05
2823,95,1123,3,9316.383
2824,95,1123,3,9319.716
2825,95,1123,3,9323.05
2826,95,1124,4,9326.383
2827,95,1124,4,9329.716
2828,95,1124,4,9333.05
2829,95,1125,5,9336.383
2830,95,1125,5,9339.716
2831,95,1125,1,9343.05
2832,95,1126,1,9346.383
2833,95,1126,1,9349.716
2834,95,1126,1,9353.05
2835,95,1127,1,9356.383
2836,95,1127,1,9359.716
2837,95,1127,1,9363.05
2838,95,1128,1,9366.383
2839,95,1128,1,9369.716
2840,95,1129,2,9373.05
2841,95,1129,2,9376.383
2842,95,1130,3,9379.716
2843,95,1130,3,9383.05
2844,95,1130,3,9386.383
2845,95,1131,4,9389.716
2846,95,1131,4,9393.05
2847,95,1131,4,9396.383
2848,95,1132,5,9399.716
2849,95,1132,5,9403.05
2850,95,1132,5,9406.383
2851,96,1133,6,9409.716
2852,96,1133,6,9413.05
2853,96,1134,7,9416.383
2854,96,1134,7,9419.716
2855,96,1134,7,9423.05
2856,96,1135,8,9426.383
2857,96,1135,8,9429.716
2858,96,1136,5,9433.05
2859,96,1136,2,9436.383
2860,96,1136,1,9439.716
2861,96,1137,1,9443.05
2862,96,1137,1,9446.383
2863,96,1137,1,9449.716
2864,96,1138,1,9453.05
2865,96,1138,1,9456.383
2866,96,1139,2,9459.716
2867,96,1139,2,9463.05
2868,96,1140,3,9466.383
2869,96,1140,3,9469.716
2870,96,1140,3,9473.05
2871,96,1141,4,9476.383
2872,96,1141,4,9479.716
2873,96,1142,5,9483.05
2874,96,1142,5,9486.383
2875,96,1143,6,9489.716
2876,96,1143,6,9493.05
2877,96,1143,6,9496.383
2878,96,1144,7,9499.716
2879,96,1144,7,9503.05
2880,96,1144,7,9506.383
2881,97,1145,8,9509.716
2882,97,1145,8,9513.05
2883,97,1145,8,9516.383
2884,97,1146,9,9519.716
2885,97,1146,5,9523.05
2886,97,1147,3,9526.383
2887,97,1147,1,9529.716
2888,97,1148,2,9533.05
2889,97,1148,1,9536.383
2890,97,1148,1,9539.716
2891,97,1149,1,9543.05
2892,97,1149,1,9546.383
2893,97,1150,2,9549.716
2894,97,1150,2,9553.05
2895,97,1150,2,9556.383
2896,97,1151,3,9559.716
2897,97,1151,3,9563.05
2898,97,1152,4,9566.383
2899,97,1152,4,9569.716
2900,97,1152,4,9573.05
2901,97,1153,5,9576.383
2902,97,1153,5,9579.716
2903,97,1154,5,9583.05
2904,97,1154,5,9586.383
2905,97,1154,5,9589.716
2906,97,1155,6,9593.05
2907,97,1155,6,9596.383
2908,97,1155,6,9599.716
2909,97,1156,7,9603.05
2910,97,1156,7,9606.383
2911,98,1157,8,9609.716
2912,98,1157,4,9613.05
2913,98,1157,2,9616.383
2914,98,1158,1,9619.716
2915,98,1158,1,9623.05
2916,98,1159,2,9626.383
2917,98,1159,1,9629.716
2918,98,1160,2,9633.05
2919,98,1160,1,9636.383
2920,98,1161,2,9639.716
2921,98,1161,2,9643.05
2922,98,1162,3,9646.383
2923,98,1162,3,9649.716
2924,98,1162,3,9653.05
2925,98,1163,4,9656.383
2926,98,1163,4,9659.716
2927,98,1163,4,9663.05
2928,98,1164,5,9666.383
2929,98,1164,5,9669.716
2930,98,1165,5,9673.05
2931,98,1165,5,9676.383
2932,98,1166,6,9679.716
2933,98,1166,6,9683.05
2934,98,1166,6,9686.383
2935,98,1167,7,9689.716
2936,98,1167,7,9693.05
2937,98,1167,7,9696.383
2938,98,1168,8,9699.716
2939,98,1168,6,9703.05
2940,98,1169,3,9706.383
2941,99,1169,1,9709.716
2942,99,1170,2,9713.05
2943,99,1170,1,9716.383
2944,99,1170,1,9719.716
2945,99,1171,1,9723.05
2946,99,1171,1,9726.383
2947,99,1172,2,9729.716
2948,99,1172,2,9733.05
2949,99,1173,3,9736.383
2950,99,1173,3,9739.716
2951,99,1173,3,9743.05
2952,99,1174,4,9746.383
2953,99,1174,4,9749.716
2954,99,1175,5,9753.05
2955,99,1175,5,9756.383
2956,99,1176,6,9759.716
2957,99,1176,6,9763.05
2958,99,1177,7,9766.383
2959,99,1177,7,9769.716
2960,99,1178,8,9773.05
2961,99,1178,8,9776.383
2962,99,1179,9,9779.716
2963,99,1179,9,9783.05
2964,99,1180,10,9786.383
2965,99,1180,10,9789.716
2966,99,1181,9,9793.05
2967,99,1181,6,9796.383
2968,99,1182,4,9799.716
2969,99,1182,1,9803.05
2970,99,1182,1,9806.383
2971,100,1183,1,9809.716
2972,100,1183,1,9813.05
2973,100,1184,2,9816.383
2974,100,1184,1,9819.716
2975,100,1184,1,9823.05
2976,100,1185,2,9826.383
2977,100,1185,2,9829.716
2978,100,1185,2,9833.05
2979,100,1186,3,9836.383
2980,100,1186,3,9839.716
2981,100,1187,4,9843.05
2982,100,1187,4,9846.383
2983,100,1188,5,9849.716
2984,100,1188,5,9853.05
2985,100,1189,6,9856.383
2986,100,1189,6,9859.716
2987,100,1190,7,9863.05
2988,100,1190,7,9866.383
2989,100,1190,7,9869.716
2990,100,1191,8,9873.05
2991,100,1191,8,9876.383
2992,100,1191,8,9879.716
2993,100,1192,6,9883.05
2994,100,1192,2,9886.383
2995,100,1193,2,9889.716
2996,100,1193,1,9893.05
2997,100,1194,2,9896.383
2998,100,1194,1,9899.716
2999,100,1194,1,9903.05
3000,100,1195,1,9906.383
3001,101,1195,1,9909.716
3002,101,1196,2,9913.05
3003,101,1196,2,9916.383
3004,101,1197,3,9919.716
3005,101,1197,3,9923.05
3006,101,1198,4,9926.383
3007,101,1198,4,9929.716
3008,101,1198,4,9933.05
3009,101,1199,5,9936.383
3010,101,1199,5,9939.716
3011,101,1200,6,9943.05
3012,101,1200,6,9946.383
3013,101,1200,6,9949.716
3014,101,1201,7,9953.05
3015,101,1201,7,9956.383
3016,101,1202,8,9959.716
3017,101,1202,8,9963.05
3018,101,1203,9,9966.383
3019,101,1203,9,9969.716
3020,101,1203,7,9973.05
3021,101,1204,5,9976.383
3022,101,1204,1,9979.716
3023,101,1204,1,9983.05
3024,101,1205,1,9986.383
3025,101,1205,1,9989.716
3026,101,1205,1,9993.05
3027,101,1206,1,9996.383
3028,101,1206,1,9999.716
3029,101,1206,1,10003.05
3030,101,1207,2,10006.38
3031,102,1207,2,10009.72
3032,102,1207,2,10013.05
3033,102,1208,3,10016.38
3034,102,1208,3,10019.72
3035,102,1209,4,10023.05
3036,102,1209,4,10026.38
3037,102,1209,4,10029.72
3038,102,1210,5,10033.05
3039,102,1210,5,10036.38
3040,102,1211,6,10039.72
3041,102,1211,6,10043.05
3042,102,1212,7,10046.38
3043,102,1212,7,10049.72
3044,102,1212,7,10053.05
3045,102,1213,8,10056.38
3046,102,1213,8,10059.72
3047,102,1214,6,10063.05
3048,102,1214,3,10066.38
3049,102,1215,2,10069.72
3050,102,1215,1,10073.05
3051,102,1215,1,10076.38
3052,102,1216,1,10079.72
3053,102,1216,1,10083.05
3054,102,1217,2,10086.38
3055,102,1217,1,10089.72
3056,102,1217,1,10093.05
3057,102,1218,2,10096.38
3058,102,1218,2,10099.72
3059,102,1219,3,10103.05
3060,102,1219,3,10106.38
3061,103,1220,4,10109.72
3062,103,1220,4,10113.05
3063,103,1221,5,10116.38
3064,103,1221,5,10119.72
3065,103,1222,5,10123.05
3066,103,1222,5,10126.38
3067,103,1222,5,10129.72
3068,103,1223,6,10133.05
3069,103,1223,6,10136.38
3070,103,1223,6,10139.72
3071,103,1224,7,10143.05
3072,103,1224,7,10146.38
3073,103,1224,7,10149.72
3074,103,1225,5,10153.05
3075,103,1225,1,10156.38
3076,103,1225,1,10159.72
3077,103,1226,1,10163.05
3078,103,1226,1,10166.38
3079,103,1227,2,10169.72
3080,103,1227,1,10173.05
3081,103,1227,1,10176.38
3082,103,1228,1,10179.72
3083,103,1228,1,10183.05
3084,103,1228,1,10186.38
3085,103,1229,2,10189.72
3086,103,1229,2,10193.05
3087,103,1229,2,10196.38
3088,103,1230,3,10199.72
3089,103,1230,3,10203.05
3090,103,1231,4,10206.38
3091,104,1231,4,10209.72
3092,104,1232,5,10213.05
3093,104,1232,5,10216.38
3094,104,1233,6,10219.72
3095,104,1233,6,10223.05
3096,104,1234,7,10226.38
3097,104,1234,7,10229.72
3098,104,1234,7,10233.05
3099,104,1235,8,10236.38
3100,104,1235,8,10239.72
3101,104,1235,6,10243.05
3102,104,1236,3,10246.38
3103,104,1236,1,10249.72
3104,104,1237,2,10253.05
3105,104,1237,1,10256.38
3106,104,1238,2,10259.72
3107,104,1238,1,10263.05
3108,104,1239,2,10266.38
3109,104,1239,1,10269.72
3110,104,1239,1,10273.05
3111,104,1240,2,10276.38
3112,104,1240,2,10279.72
3113,104,1241,3,10283.05
3114,104,1241,3,10286.38
3115,104,1242,4,10289.72
3116,104,1242,4,10293.05
3117,104,1243,5,10296.38
3118,104,1243,5,10299.72
3119,104,1244,5,10303.05
3120,104,1244,5,10306.38
3121,105,1245,6,10309.72
3122,105,1245,6,10313.05
3123,105,1245,6,10316.38
3124,105,1246,7,10319.72
3125,105,1246,7,10323.05
3126,105,1247,8,10326.38
3127,105,1247,8,10329.72
3128,105,1248,7,10333.05
3129,105,1248,4,10336.38
3130,105,1249,2,10339.72
3131,105,1249,1,10343.05
3132,105,1249,1,10346.38
3133,105,1250,1,10349.72
3134,105,1250,1,10353.05
3135,105,1251,2,10356.38
3136,105,1251,1,10359.72
3137,105,1252,2,10363.05
3138,105,1252,2,10366.38
3139,105,1252,2,10369.72
3140,105,1253,3,10373.05
3141,105,1253,3,10376.38
3142,105,1254,4,10379.72
3143,105,1254,4,10383.05
3144,105,1254,4,10386.38
3145,105,1255,5,10389.72
3146,105,1255,5,10393.05
3147,105,1256,6,10396.38
3148,105,1256,6,10399.72
3149,105,1256,6,10403.05
3150,105,1257,7,10406.38
3151,106,1257,7,10409.72
3152,106,1257,7,10413.05
3153,106,1258,8,10416.38
3154,106,1258,8,10419.72
3155,106,1258,6,10423.05
3156,106,1259,4,10426.38
3157,106,1259,1,10429.72
3158,106,1260,2,10433.05
3159,106,1260,1,10436.38
3160,106,1261,2,10439.72
3161,106,1261,1,10443.05
3162,106,1261,1,10446.38
3163,106,1262,1,10449.72
3164,106,1262,1,10453.05
3165,106,1262,1,10456.38
3166,106,1263,2,10459.72
3167,106,1263,2,10463.05
3168,106,1263,2,10466.38
3169,106,1264,3,10469.72
3170,106,1264,3,10473.05
3171,106,1264,3,10476.38
3172,106,1265,4,10479.72
3173,106,1265,3,10483.05
3174,106,1265,3,10486.38
3175,106,1266,4,10489.72
3176,106,1266,4,10493.05
3177,106,1267,5,10496.38
3178,106,1267,5,10499.72
3179,106,1267,5,10503.05
3180,106,1268,6,10506.38
3181,107,1268,6,10509.72
3182,107,1269,5,10513.05
3183,107,1269,2,10516.38
3184,107,1269,1,10519.72
3185,107,1270,1,10523.05
3186,107,1270,1,10526.38
3187,107,1270,1,10529.72
3188,107,1271,1,10533.05
3189,107,1271,1,10536.38
3190,107,1272,2,10539.72
3191,107,1272,2,10543.05
3192,107,1273,3,10546.38
3193,107,1273,3,10549.72
3194,107,1273,3,10553.05
3195,107,1274,4,10556.38
3196,107,1274,4,10559.72
3197,107,1274,4,10563.05
3198,107,1275,5,10566.38
3199,107,1275,5,10569.72
3200,107,1276,4,10573.05
3201,107,1276,3,10576.38
3202,107,1276,3,10579.72
3203,107,1277,4,10583.05
3204,107,1277,4,10586.38
3205,107,1277,4,10589.72
3206,107,1278,5,10593.05
3207,107,1278,5,10596.38
3208,107,1279,6,10599.72
3209,107,1279,3,10603.05
3210,107,1279,1,10606.38
3211,108,1280,1,10609.72
3212,108,1280,1,10613.05
3213,108,1281,2,10616.38
3214,108,1281,1,10619.72
3215,108,1281,1,10623.05
3216,108,1282,1,10626.38
3217,108,1282,1,10629.72
3218,108,1282,1,10633.05
3219,108,1283,2,10636.38
3220,108,1283,2,10639.72
3221,108,1283,2,10643.05
3222,108,1284,3,10646.38
3223,108,1284,3,10649.72
3224,108,1285,4,10653.05
3225,108,1285,4,10656.38
3226,108,1285,4,10659.72
3227,108,1286,3,10663.05
3228,108,1286,3,10666.38
3229,108,1286,3,10669.72
3230,108,1287,4,10673.05
3231,108,1287,4,10676.38
3232,108,1287,4,10679.72
3233,108,1288,5,10683.05
3234,108,1288,5,10686.38
3235,108,1289,6,10689.72
3236,108,1289,2,10693.05
3237,108,1290,2,10696.38
3238,108,1290,1,10699.72
3239,108,1291,2,10703.05
3240,108,1291,1,10706.38
3241,109,1291,1,10709.72
3242,109,1292,1,10713.05
3243,109,1292,1,10716.38
3244,109,1293,2,10719.72
3245,109,1293,2,10723.05
3246,109,1294,3,10726.38
3247,109,1294,3,10729.72
3248,109,1294,3,10733.05
3249,109,1295,4,10736.38
3250,109,1295,4,10739.72
3251,109,1296,5,10743.05
3252,109,1296,5,10746.38
3253,109,1297,6,10749.72
3254,109,1297,5,10753.05
3255,109,1298,6,10756.38
3256,109,1298,6,10759.72
3257,109,1299,7,10763.05
3258,109,1299,7,10766.38
3259,109,1299,7,10769.72
3260,109,1300,8,10773.05
3261,109,1300,8,10776.38
3262,109,1301,9,10779.72
3263,109,1301,7,10783.05
3264,109,1301,4,10786.38
